Policy_id,Date of Purchase,Customer_id,Fuel,VEHICLE_SEGMENT,Premium,bodily injury liability, personal injury protection, property damage liability, collision, comprehensive,Customer_Gender,Customer_Income group,Customer_Region,Customer_Marital_Status
12345,1/16/2018,400,CNG,A,958,0,0,0,1,1,Male,0- $25K,North,0
12346,1/4/2018,401,CNG,A,1272,1,0,0,0,1,Male,$25-$70K,South,1
12347,1/7/2018,402,CNG,A,2150,0,1,1,1,0,Male,>$70K,East,0
12348,1/7/2018,403,CNG,A,2123,1,0,1,1,1,Male,$25-$70K,West,1
12349,1/1/2018,404,CNG,A,1110,1,1,1,1,1,Male,$25-$70K,North,1
12350,1/22/2018,405,CNG,A,1571,0,0,1,0,0,Male,$25-$70K,North,0
12351,1/19/2018,406,CNG,A,1030,1,1,1,1,0,Male,$25-$70K,North,0
12352,1/23/2018,407,CNG,A,1732,1,1,1,0,0,Male,$25-$70K,North,0
12353,1/1/2018,408,CNG,A,2175,0,0,1,0,1,Male,$25-$70K,North,1
12354,1/20/2018,409,CNG,A,1725,0,0,0,1,0,Male,$25-$70K,North,0
12355,1/28/2018,410,CNG,A,1805,0,1,0,1,0,Male,$25-$70K,North,1
12356,1/17/2018,411,CNG,A,1552,1,1,0,0,1,Male,$25-$70K,North,0
12357,1/29/2018,412,CNG,A,1888,0,1,1,1,1,Male,$25-$70K,North,0
12358,1/18/2018,413,CNG,A,1355,1,0,0,1,0,Male,$25-$70K,North,0
12359,1/19/2018,414,CNG,A,2356,0,0,0,0,1,Male,$25-$70K,North,1
12360,1/6/2018,415,CNG,A,2102,1,0,0,1,0,Male,$25-$70K,North,0
12361,1/27/2018,416,CNG,A,1258,1,1,1,1,1,Male,$25-$70K,North,1
12362,1/21/2018,417,CNG,A,2326,0,1,0,1,1,Male,$25-$70K,North,0
420,1/24/2018,418,CNG,A,584,1,1,1,1,0,Male,$25-$70K,North,0
12364,1/8/2018,419,CNG,A,2397,1,1,1,0,0,Male,$25-$70K,North,0
12365,1/23/2018,420,CNG,A,1493,1,0,0,0,0,Male,$25-$70K,North,0
12366,1/2/2018,420,CNG,A,661,0,1,1,0,0,Male,$25-$70K,North,0
12367,1/3/2018,420,CNG,A,685,1,1,0,1,0,Male,$25-$70K,North,0
12368,1/8/2018,420,CNG,A,1006,1,1,1,1,1,Male,$25-$70K,North,1
12369,1/16/2018,420,CNG,A,1160,1,0,0,1,1,Male,$25-$70K,North,0
12370,1/25/2018,420,CNG,A,1602,0,0,0,1,1,Male,$25-$70K,North,1
12371,1/25/2018,420,CNG,A,2355,0,1,1,1,1,Male,$25-$70K,North,0
12372,1/5/2018,420,CNG,A,1921,1,1,1,0,1,Male,$25-$70K,North,1
12373,1/21/2018,420,CNG,A,2200,0,1,0,1,1,Male,$25-$70K,North,0
12374,1/27/2018,420,CNG,A,2357,0,1,1,1,1,Male,$25-$70K,North,1
12375,1/22/2018,420,CNG,A,1047,0,1,0,1,0,Male,$25-$70K,North,1
840,1/4/2018,420,CNG,A,2089,0,1,0,1,0,Male,$25-$70K,North,0
12377,1/15/2018,420,CNG,A,1780,0,0,0,1,1,Male,$25-$70K,North,0
12378,1/26/2018,420,CNG,A,1035,1,0,1,0,0,Male,$25-$70K,North,0
12379,1/29/2018,420,CNG,A,526,1,1,1,0,1,Male,$25-$70K,North,0
12380,1/20/2018,420,CNG,A,1827,0,0,1,1,0,Male,$25-$70K,North,1
12381,1/24/2018,420,CNG,A,2003,1,1,0,1,0,Male,$25-$70K,North,1
12382,1/8/2018,420,CNG,A,1960,0,1,1,1,1,Male,$25-$70K,North,0
12383,1/3/2018,420,CNG,A,1197,0,1,0,1,0,Male,$25-$70K,North,1
12384,1/21/2018,420,CNG,A,614,0,1,0,0,1,Male,$25-$70K,North,0
12385,1/9/2018,420,CNG,A,568,1,1,1,0,0,Male,$25-$70K,North,0
12386,1/12/2018,420,CNG,A,2149,1,0,1,1,1,Male,$25-$70K,North,1
12387,1/27/2018,420,CNG,A,1797,1,0,1,0,1,Male,$25-$70K,North,1
12388,1/14/2018,420,CNG,A,1246,1,0,0,0,0,Male,$25-$70K,North,0
12389,1/24/2018,420,CNG,A,1295,1,1,0,0,0,Male,$25-$70K,North,1
12390,1/21/2018,420,CNG,A,642,0,0,1,0,1,Male,$25-$70K,North,1
12391,1/6/2018,420,CNG,A,1979,1,1,1,1,1,Male,$25-$70K,North,0
12392,1/13/2018,420,CNG,A,2327,0,0,1,1,1,Male,$25-$70K,North,0
12393,1/5/2018,420,CNG,A,1025,1,0,0,0,1,Male,$25-$70K,North,1
12394,1/23/2018,420,CNG,A,529,0,0,0,0,1,Male,$25-$70K,North,1
12395,1/16/2018,420,CNG,A,2072,0,0,1,0,0,Male,$25-$70K,North,0
12396,1/18/2018,420,CNG,A,2103,0,0,0,1,0,Male,$25-$70K,North,0
12397,1/15/2018,420,CNG,A,1929,0,1,0,0,1,Male,$25-$70K,North,1
12398,1/13/2018,420,CNG,A,2143,1,0,1,1,1,Male,$25-$70K,North,0
12399,1/11/2018,420,CNG,A,2132,0,0,0,1,0,Male,$25-$70K,North,0
12400,1/13/2018,420,CNG,A,1459,1,0,0,0,0,Male,$25-$70K,North,1
12401,1/17/2018,420,CNG,A,1831,1,1,0,0,0,Male,$25-$70K,North,0
12402,1/30/2018,420,CNG,A,1171,1,1,1,0,0,Male,$25-$70K,North,1
12403,1/10/2018,420,CNG,A,1692,1,0,1,1,0,Male,$25-$70K,North,0
12404,1/11/2018,420,CNG,A,1262,0,1,1,0,1,Male,$25-$70K,North,1
12405,1/23/2018,420,CNG,A,2451,0,1,0,0,0,Male,$25-$70K,North,0
12406,1/3/2018,420,CNG,A,1906,0,0,1,1,1,Male,$25-$70K,North,0
12407,1/24/2018,420,CNG,A,2095,1,0,1,1,0,Male,$25-$70K,North,1
12408,1/20/2018,420,CNG,A,1597,1,0,0,1,0,Male,$25-$70K,North,1
12409,1/15/2018,420,CNG,A,2362,1,1,0,1,0,Male,$25-$70K,North,0
12410,1/17/2018,420,CNG,A,1612,1,1,0,1,0,Male,$25-$70K,North,1
12411,1/19/2018,420,CNG,A,711,0,0,0,1,1,Male,$25-$70K,North,1
12412,1/29/2018,420,CNG,A,1771,1,0,1,0,1,Male,$25-$70K,North,1
12413,1/20/2018,420,CNG,A,1301,0,1,0,0,1,Male,$25-$70K,North,0
12414,1/16/2018,420,CNG,A,2411,1,1,0,0,1,Male,$25-$70K,North,0
12415,1/10/2018,420,CNG,A,1065,0,1,0,0,1,Male,$25-$70K,North,1
12416,1/13/2018,420,CNG,A,2393,1,1,1,1,0,Male,$25-$70K,North,0
12417,1/5/2018,420,CNG,A,1837,1,1,1,0,0,Male,$25-$70K,North,0
12418,1/1/2018,420,CNG,A,1598,0,0,1,0,0,Male,$25-$70K,North,1
12419,1/30/2018,420,CNG,A,1072,1,0,1,0,1,Male,$25-$70K,North,0
12420,1/25/2018,420,CNG,A,591,0,0,1,0,0,Male,$25-$70K,North,0
12421,1/18/2018,420,CNG,A,1617,1,1,1,0,1,Male,$25-$70K,North,1
12422,1/4/2018,420,CNG,A,1174,1,0,1,1,0,Male,$25-$70K,North,0
12423,1/28/2018,420,CNG,A,2241,1,1,1,0,1,Male,$25-$70K,North,0
12424,1/31/2018,420,CNG,A,2248,1,1,0,1,1,Male,$25-$70K,North,0
12425,1/27/2018,420,CNG,A,2121,1,1,0,0,1,Male,$25-$70K,North,0
12426,1/25/2018,420,CNG,A,1994,0,0,0,0,1,Male,$25-$70K,North,0
12427,1/1/2018,420,CNG,A,2442,1,1,0,0,0,Male,$25-$70K,North,0
12428,1/23/2018,420,CNG,A,1763,0,1,1,0,0,Male,$25-$70K,North,1
12429,1/28/2018,420,CNG,A,1494,0,0,0,1,1,Male,$25-$70K,North,0
12430,1/3/2018,420,CNG,A,2039,1,0,1,1,0,Male,$25-$70K,North,0
12431,1/27/2018,420,CNG,A,898,1,0,0,0,0,Male,$25-$70K,North,1
12432,1/12/2018,420,CNG,A,823,0,0,1,1,0,Male,$25-$70K,North,0
12433,1/11/2018,420,CNG,A,1144,0,1,0,0,0,Male,$25-$70K,North,0
12434,1/23/2018,420,CNG,A,1051,0,0,1,0,0,Male,$25-$70K,North,1
12435,1/10/2018,420,CNG,A,1212,0,0,1,0,0,Male,$25-$70K,North,1
12436,1/13/2018,420,CNG,A,1829,0,1,1,0,0,Male,$25-$70K,North,1
12437,1/15/2018,420,CNG,A,1548,0,0,0,1,0,Male,$25-$70K,North,0
12438,1/6/2018,420,CNG,A,1663,1,1,0,1,1,Male,$25-$70K,North,1
12439,1/23/2018,420,CNG,A,1313,0,0,0,1,1,Male,$25-$70K,North,0
12440,1/4/2018,420,CNG,A,1915,1,1,1,0,0,Male,$25-$70K,North,0
12441,1/8/2018,420,CNG,A,1888,0,0,0,1,1,Male,$25-$70K,North,1
12442,1/19/2018,420,CNG,A,694,1,1,1,0,0,Male,$25-$70K,North,0
12443,1/5/2018,420,CNG,A,637,0,0,1,1,0,Male,$25-$70K,North,0
12444,2/10/2018,420,CNG,A,1959,1,1,0,0,1,Male,$25-$70K,North,1
12445,2/8/2018,420,CNG,A,1673,0,1,1,1,1,Male,$25-$70K,North,0
12446,2/1/2018,420,CNG,A,934,1,0,1,0,1,Male,$25-$70K,North,1
12447,2/23/2018,420,CNG,A,2391,1,0,0,1,0,Male,$25-$70K,North,0
12448,2/20/2018,420,CNG,A,2246,1,0,0,1,0,Male,$25-$70K,North,0
12449,2/3/2018,420,CNG,A,1328,0,1,1,0,0,Male,$25-$70K,North,0
12450,2/13/2018,420,CNG,A,2455,1,1,1,1,1,Male,$25-$70K,North,0
12451,2/25/2018,420,CNG,A,1611,0,1,0,1,0,Male,$25-$70K,North,0
12452,2/3/2018,420,CNG,A,2256,1,0,0,1,0,Male,$25-$70K,North,1
12453,2/26/2018,420,CNG,A,1284,0,0,0,0,0,Male,$25-$70K,North,1
12454,2/5/2018,420,CNG,A,2067,1,1,0,1,0,Male,$25-$70K,North,0
12455,2/11/2018,420,CNG,A,1477,1,0,0,1,0,Male,$25-$70K,North,1
12456,2/18/2018,420,CNG,A,865,0,0,0,0,1,Male,$25-$70K,North,1
12457,2/1/2018,420,CNG,A,1662,0,0,0,1,1,Male,$25-$70K,North,1
12458,2/3/2018,420,CNG,A,1870,0,0,0,0,0,Male,$25-$70K,North,1
12459,2/5/2018,420,CNG,A,626,1,1,1,1,0,Male,$25-$70K,North,1
12460,2/11/2018,420,CNG,A,1658,1,0,1,1,0,Male,$25-$70K,North,0
12461,2/16/2018,420,CNG,A,1168,0,1,0,1,1,Male,$25-$70K,North,0
12462,2/2/2018,420,CNG,A,1083,0,0,1,1,0,Male,$25-$70K,North,0
12463,2/6/2018,420,CNG,A,2253,0,1,0,1,0,Male,$25-$70K,North,0
12464,2/5/2018,420,CNG,A,708,1,1,1,0,1,Male,$25-$70K,North,0
12465,2/14/2018,420,CNG,A,2254,1,1,0,1,0,Male,$25-$70K,North,0
12466,2/15/2018,420,CNG,A,1092,0,1,0,0,1,Male,$25-$70K,North,0
12467,2/26/2018,420,CNG,A,778,1,0,0,0,1,Male,$25-$70K,North,1
12468,2/15/2018,420,CNG,A,1041,0,0,1,1,1,Male,$25-$70K,North,0
12469,2/3/2018,420,CNG,A,2310,0,0,1,1,0,Male,$25-$70K,North,0
12470,2/25/2018,420,CNG,A,2339,1,1,1,1,0,Male,$25-$70K,North,1
12471,2/12/2018,420,CNG,A,2218,0,0,1,0,1,Male,$25-$70K,North,0
12472,2/11/2018,420,CNG,A,1628,1,1,0,0,1,Male,$25-$70K,North,0
12473,2/16/2018,420,CNG,A,850,1,0,1,1,0,Male,$25-$70K,North,1
12474,2/14/2018,420,CNG,A,618,0,1,0,1,1,Male,$25-$70K,North,0
12475,2/22/2018,420,CNG,A,2128,0,0,0,1,0,Male,$25-$70K,North,1
12476,2/16/2018,420,CNG,A,1213,1,0,0,1,1,Male,$25-$70K,North,1
12477,2/4/2018,420,CNG,A,749,1,0,1,0,1,Male,$25-$70K,North,0
12478,2/14/2018,420,CNG,A,2420,0,0,1,0,1,Male,$25-$70K,North,0
12479,2/8/2018,420,CNG,A,1231,0,1,0,1,0,Male,$25-$70K,North,1
12480,2/27/2018,420,CNG,A,510,0,1,0,0,1,Male,$25-$70K,North,1
12481,2/14/2018,420,CNG,A,2376,0,1,1,0,1,Male,$25-$70K,North,1
12482,2/27/2018,420,CNG,A,1746,1,1,0,1,0,Male,$25-$70K,North,0
12483,2/21/2018,420,CNG,A,1533,0,0,0,0,1,Male,$25-$70K,North,0
12484,2/19/2018,420,CNG,A,901,1,1,1,0,0,Male,$25-$70K,North,0
12485,2/4/2018,420,CNG,A,2021,0,0,1,1,0,Male,$25-$70K,North,1
12486,2/22/2018,420,CNG,A,1570,0,0,0,0,1,Male,$25-$70K,North,1
12487,2/19/2018,420,CNG,A,2338,0,0,1,1,0,Male,$25-$70K,North,1
12488,2/10/2018,420,CNG,A,1065,0,0,1,0,1,Male,$25-$70K,North,0
12489,2/14/2018,420,CNG,A,2227,0,1,0,0,0,Male,$25-$70K,North,1
12490,2/16/2018,420,CNG,A,1721,1,0,0,0,0,Male,$25-$70K,North,1
12491,2/5/2018,420,CNG,A,1914,0,0,1,1,0,Male,$25-$70K,North,1
12492,2/10/2018,420,CNG,A,1149,0,0,0,0,0,Male,$25-$70K,North,0
12493,2/20/2018,420,CNG,A,2033,0,0,1,1,1,Male,$25-$70K,North,0
12494,2/22/2018,420,CNG,A,2025,0,0,0,1,0,Male,$25-$70K,North,1
12495,2/12/2018,420,CNG,A,743,1,0,1,0,0,Male,$25-$70K,North,1
12496,2/18/2018,420,CNG,A,1044,1,0,1,0,1,Male,$25-$70K,North,0
12497,2/25/2018,420,CNG,A,1404,1,0,1,0,0,Male,$25-$70K,North,0
12498,2/22/2018,420,CNG,A,1569,1,1,1,0,0,Male,$25-$70K,North,0
12499,2/1/2018,420,CNG,A,1477,1,0,1,0,1,Male,$25-$70K,North,0
12500,2/17/2018,420,CNG,A,1464,1,1,0,1,1,Male,$25-$70K,North,0
12501,2/20/2018,420,CNG,A,2487,1,1,0,0,1,Male,$25-$70K,North,0
12502,2/15/2018,420,CNG,A,2205,0,1,1,1,0,Male,$25-$70K,North,0
12503,2/6/2018,420,CNG,A,2148,0,0,1,0,1,Male,$25-$70K,North,1
12504,2/25/2018,420,CNG,A,2006,1,1,0,1,0,Male,$25-$70K,North,1
12505,2/27/2018,420,CNG,A,2168,1,1,0,0,1,Male,$25-$70K,North,1
12506,2/2/2018,420,CNG,A,1574,0,1,1,0,0,Male,$25-$70K,North,1
12507,2/2/2018,420,CNG,A,1764,1,0,0,1,1,Male,$25-$70K,North,1
12508,2/6/2018,420,CNG,A,2484,1,1,1,1,0,Male,$25-$70K,North,0
12509,2/6/2018,420,CNG,A,640,1,0,1,1,0,Male,$25-$70K,North,0
12510,2/12/2018,420,CNG,A,663,0,0,1,1,0,Male,$25-$70K,North,0
12511,2/22/2018,420,CNG,A,1504,0,0,0,0,0,Male,$25-$70K,North,1
12512,2/17/2018,420,CNG,A,1908,0,1,0,1,1,Male,$25-$70K,North,0
12513,2/8/2018,420,CNG,A,519,0,0,0,0,1,Male,$25-$70K,North,1
12514,2/5/2018,420,CNG,A,1475,1,1,1,1,0,Male,$25-$70K,North,1
12515,2/27/2018,420,CNG,A,1663,1,0,1,1,0,Male,$25-$70K,North,0
12516,2/14/2018,420,CNG,A,1179,0,1,0,0,0,Male,$25-$70K,North,1
12517,2/17/2018,420,CNG,A,898,0,1,1,0,1,Male,$25-$70K,North,1
12518,2/8/2018,420,CNG,A,641,1,0,1,1,0,Male,$25-$70K,North,1
12519,2/24/2018,420,CNG,A,1002,0,0,1,0,0,Male,$25-$70K,North,0
12520,2/25/2018,420,CNG,A,2253,1,0,1,1,1,Male,$25-$70K,North,0
12521,2/10/2018,420,CNG,A,1100,1,0,0,1,1,Male,$25-$70K,North,1
12522,2/19/2018,420,CNG,A,2316,0,1,1,1,1,Male,$25-$70K,North,0
12523,2/14/2018,420,CNG,A,2387,1,0,1,1,1,Male,$25-$70K,North,1
12524,2/21/2018,420,CNG,A,2193,0,1,0,1,0,Male,$25-$70K,North,1
12525,2/22/2018,420,CNG,A,2484,1,0,0,0,1,Male,$25-$70K,North,0
12526,2/24/2018,420,CNG,A,1835,0,0,1,1,1,Male,$25-$70K,North,1
12527,2/13/2018,420,CNG,A,2310,0,0,1,1,0,Male,$25-$70K,North,1
12528,2/6/2018,420,CNG,A,545,1,1,0,0,0,Male,$25-$70K,North,0
12529,2/21/2018,420,CNG,A,1924,1,0,0,1,1,Male,$25-$70K,North,1
12530,2/12/2018,420,CNG,A,615,1,1,1,0,0,Male,$25-$70K,North,0
12531,2/2/2018,420,CNG,A,727,1,1,1,0,1,Male,$25-$70K,North,0
12532,2/10/2018,420,CNG,A,685,0,1,0,1,1,Male,$25-$70K,North,1
12533,2/2/2018,420,CNG,A,2390,0,0,1,1,1,Male,$25-$70K,North,0
12534,2/24/2018,420,CNG,A,709,1,0,1,0,1,Male,$25-$70K,North,0
12535,2/27/2018,420,CNG,A,910,0,1,1,0,0,Male,$25-$70K,North,0
12536,2/19/2018,420,CNG,A,1030,0,1,1,0,0,Male,$25-$70K,North,1
12537,2/16/2018,420,CNG,A,1538,1,0,1,1,1,Male,$25-$70K,North,1
12538,2/17/2018,420,CNG,A,600,0,1,1,0,0,Male,$25-$70K,North,0
12539,2/21/2018,420,CNG,A,540,1,1,0,0,1,Male,$25-$70K,North,1
12540,2/16/2018,420,CNG,A,997,1,1,1,0,0,Male,$25-$70K,North,1
12541,2/11/2018,420,CNG,A,2086,0,0,0,1,1,Male,$25-$70K,North,1
12542,2/15/2018,420,CNG,A,2491,1,0,0,1,0,Male,$25-$70K,North,1
12543,2/22/2018,420,CNG,A,651,1,1,1,0,1,Male,$25-$70K,North,1
12544,2/23/2018,420,CNG,A,1359,1,1,1,1,0,Male,$25-$70K,North,1
12545,3/22/2018,420,CNG,A,1109,1,0,1,0,1,Male,$25-$70K,North,1
12546,3/23/2018,420,CNG,A,2347,1,1,1,1,0,Male,$25-$70K,North,1
12547,3/18/2018,420,CNG,A,966,0,0,1,1,1,Male,$25-$70K,North,1
12548,3/7/2018,420,CNG,A,935,0,1,0,1,0,Male,$25-$70K,North,1
12549,3/27/2018,420,CNG,A,2191,0,1,0,0,0,Male,$25-$70K,North,1
12550,3/18/2018,420,CNG,A,1245,0,1,0,1,0,Male,$25-$70K,North,1
12551,3/5/2018,420,CNG,A,2448,0,0,1,1,0,Male,$25-$70K,North,1
12552,3/29/2018,420,CNG,A,525,0,1,1,0,1,Male,$25-$70K,North,0
12553,3/2/2018,420,CNG,A,1214,1,0,0,1,1,Male,$25-$70K,North,1
12554,3/10/2018,420,CNG,A,836,1,1,0,1,0,Male,$25-$70K,North,1
12555,3/3/2018,420,CNG,A,525,1,1,0,0,0,Male,$25-$70K,North,0
12556,3/27/2018,420,CNG,A,1640,0,1,0,0,0,Male,$25-$70K,North,0
12557,3/2/2018,420,CNG,A,554,1,0,0,0,0,Male,$25-$70K,North,1
12558,3/20/2018,420,CNG,A,599,0,1,1,1,0,Male,$25-$70K,North,0
12559,3/30/2018,420,CNG,A,1269,1,1,1,1,0,Male,$25-$70K,North,1
12560,3/24/2018,420,CNG,A,838,1,0,0,1,1,Male,$25-$70K,North,1
12561,3/18/2018,420,CNG,A,745,1,0,1,0,1,Male,$25-$70K,North,0
12562,3/28/2018,420,CNG,A,1349,1,0,1,1,0,Male,$25-$70K,North,1
12563,3/22/2018,420,CNG,A,646,1,0,0,1,0,Male,$25-$70K,North,0
12564,3/1/2018,420,CNG,A,1322,1,1,1,1,0,Male,$25-$70K,North,0
12565,3/30/2018,420,CNG,A,1050,0,0,1,0,0,Male,$25-$70K,North,1
12566,3/23/2018,420,CNG,A,2114,0,1,0,0,0,Male,$25-$70K,North,1
12567,3/23/2018,420,CNG,A,1674,0,0,1,1,1,Male,$25-$70K,North,1
12568,3/30/2018,420,CNG,A,690,1,1,1,1,0,Male,$25-$70K,North,0
12569,3/23/2018,420,CNG,A,1679,1,0,1,0,0,Male,$25-$70K,North,0
12570,3/10/2018,420,CNG,A,1634,1,0,1,1,1,Male,$25-$70K,North,0
12571,3/18/2018,420,CNG,A,1241,1,1,1,0,1,Male,$25-$70K,North,1
12572,3/11/2018,420,CNG,A,774,1,1,1,0,0,Male,$25-$70K,North,0
12573,3/15/2018,420,CNG,A,1049,1,0,1,1,0,Male,$25-$70K,North,0
12574,3/5/2018,420,CNG,A,697,0,0,0,1,1,Male,$25-$70K,North,0
12575,3/10/2018,420,CNG,A,653,0,1,0,0,0,Male,$25-$70K,North,1
12576,3/10/2018,420,CNG,A,1908,1,0,0,1,0,Male,$25-$70K,North,0
12577,3/14/2018,420,CNG,A,2445,0,0,1,0,1,Male,$25-$70K,North,1
12578,3/21/2018,420,CNG,A,613,1,0,1,0,1,Male,$25-$70K,North,0
12579,3/21/2018,420,CNG,A,1560,1,0,1,1,1,Male,$25-$70K,North,1
12580,3/22/2018,420,CNG,A,1651,0,1,0,0,1,Male,$25-$70K,North,1
12581,3/3/2018,420,CNG,A,2490,1,1,1,0,1,Male,$25-$70K,North,1
12582,3/10/2018,420,CNG,A,1669,0,0,1,0,0,Male,$25-$70K,North,1
12583,3/9/2018,420,CNG,A,1774,1,0,1,0,0,Male,$25-$70K,North,0
12584,3/28/2018,420,CNG,A,1556,1,0,1,1,0,Male,$25-$70K,North,0
12585,3/8/2018,420,CNG,A,890,1,1,1,0,0,Male,$25-$70K,North,1
12586,3/9/2018,420,CNG,A,1169,0,0,0,1,1,Male,$25-$70K,North,0
12587,3/20/2018,420,CNG,A,1479,0,0,1,1,1,Male,$25-$70K,North,0
12588,3/25/2018,420,CNG,A,1103,0,0,0,0,1,Male,$25-$70K,North,0
12589,3/25/2018,420,CNG,A,1747,1,1,1,1,0,Male,$25-$70K,North,1
12590,3/22/2018,420,CNG,A,2047,1,1,1,0,0,Male,$25-$70K,North,1
12591,3/8/2018,420,CNG,A,878,1,1,1,1,0,Male,$25-$70K,North,1
12592,3/25/2018,420,CNG,A,2073,1,1,0,1,0,Male,$25-$70K,North,0
12593,3/4/2018,420,CNG,A,519,0,1,1,0,0,Male,$25-$70K,North,0
12594,3/21/2018,420,CNG,A,1215,1,1,0,0,0,Male,$25-$70K,North,0
12595,3/25/2018,420,CNG,A,1821,0,1,1,0,0,Male,$25-$70K,North,0
12596,12/26/2018,420,CNG,A,598,1,0,1,1,0,Male,$25-$70K,North,1
12597,12/10/2018,420,CNG,A,1768,0,0,0,1,0,Male,$25-$70K,North,1
12598,12/10/2018,420,CNG,A,1821,1,0,0,1,0,Male,$25-$70K,North,1
12599,12/27/2018,420,CNG,A,2093,0,0,1,0,0,Male,$25-$70K,North,0
12600,12/1/2018,420,CNG,A,727,0,1,1,0,1,Male,$25-$70K,North,1
12601,12/23/2018,420,CNG,A,2038,1,1,0,0,0,Male,$25-$70K,North,1
12602,12/26/2018,420,CNG,A,1830,1,1,0,1,0,Male,$25-$70K,North,0
12603,12/25/2018,420,CNG,A,1607,0,1,0,1,0,Male,$25-$70K,North,0
12604,12/6/2018,420,CNG,A,1591,1,0,0,1,1,Male,$25-$70K,North,0
12605,12/20/2018,420,CNG,A,856,1,1,0,0,1,Male,$25-$70K,North,1
12606,12/25/2018,420,CNG,A,2135,1,0,0,1,1,Male,$25-$70K,North,0
12607,12/30/2018,420,CNG,A,854,1,1,0,0,0,Male,$25-$70K,North,0
12608,12/7/2018,420,CNG,A,2202,1,0,1,0,1,Male,$25-$70K,North,0
12609,12/1/2018,420,CNG,A,1282,0,0,1,1,1,Male,$25-$70K,North,0
12610,12/1/2018,420,CNG,A,1975,1,1,0,1,0,Male,$25-$70K,North,0
12611,12/12/2018,420,CNG,A,1390,1,0,1,0,1,Male,$25-$70K,North,0
12612,12/19/2018,420,CNG,A,642,0,1,1,0,0,Male,$25-$70K,North,0
12613,12/9/2018,420,CNG,A,1453,1,0,0,0,1,Male,$25-$70K,North,0
12614,12/11/2018,420,CNG,A,2031,0,0,0,1,1,Male,$25-$70K,North,1
12615,12/6/2018,420,CNG,A,2212,1,0,0,1,0,Male,$25-$70K,North,1
12616,12/3/2018,420,CNG,A,902,0,0,1,1,1,Male,$25-$70K,North,0
12617,12/28/2018,420,CNG,A,2365,0,1,1,0,1,Male,$25-$70K,North,1
12618,12/25/2018,420,CNG,A,733,1,1,1,0,0,Male,$25-$70K,North,1
12619,12/9/2018,420,CNG,A,2266,1,1,0,0,1,Male,$25-$70K,North,0
12620,3/17/2018,420,CNG,A,2373,1,1,0,1,0,Male,$25-$70K,North,1
12621,3/3/2018,420,CNG,A,776,1,0,0,0,0,Male,$25-$70K,North,0
12622,3/28/2018,420,CNG,A,1729,1,1,0,0,0,Male,$25-$70K,North,0
12623,3/30/2018,420,CNG,A,2437,0,1,1,1,1,Male,$25-$70K,North,1
12624,3/26/2018,420,CNG,A,1173,0,0,0,0,1,Male,$25-$70K,North,0
12625,3/1/2018,420,CNG,A,751,0,1,1,1,1,Male,$25-$70K,North,1
12626,3/21/2018,420,CNG,A,2499,1,1,0,0,0,Male,$25-$70K,North,0
12627,3/23/2018,420,CNG,A,2292,1,0,0,0,0,Male,$25-$70K,North,0
12628,3/8/2018,420,CNG,A,1359,0,0,1,0,1,Male,$25-$70K,North,0
12629,3/8/2018,420,CNG,A,613,0,0,1,0,0,Male,$25-$70K,North,1
12630,3/26/2018,420,CNG,A,694,1,1,1,1,0,Male,$25-$70K,North,1
12631,3/21/2018,420,CNG,A,585,1,0,1,0,0,Male,$25-$70K,North,1
12632,3/1/2018,420,CNG,A,1965,0,1,0,0,0,Male,$25-$70K,North,0
12633,3/10/2018,420,CNG,A,1414,0,0,0,0,0,Male,$25-$70K,North,1
12634,3/16/2018,420,CNG,A,1015,0,0,1,0,0,Male,$25-$70K,North,0
12635,3/28/2018,420,CNG,A,1074,0,0,1,0,0,Male,$25-$70K,North,0
12636,3/24/2018,420,CNG,A,1583,1,1,0,0,1,Male,$25-$70K,North,1
12637,3/11/2018,420,CNG,A,873,0,0,0,0,0,Male,$25-$70K,North,0
12638,3/3/2018,420,CNG,A,1650,0,1,0,1,1,Male,$25-$70K,North,1
12639,3/24/2018,420,CNG,A,2104,1,1,1,1,0,Male,$25-$70K,North,1
12640,3/16/2018,420,CNG,A,1328,0,0,1,1,1,Male,$25-$70K,North,1
12641,3/20/2018,420,CNG,A,2390,1,0,0,0,0,Male,$25-$70K,North,1
12642,3/11/2018,420,CNG,A,948,0,0,1,0,0,Male,$25-$70K,North,1
12643,3/6/2018,420,CNG,A,1116,1,1,1,0,0,Male,$25-$70K,North,1
12644,3/2/2018,420,CNG,A,1101,1,0,0,1,1,Male,$25-$70K,North,0
12645,4/24/2018,420,CNG,A,1302,1,1,0,1,1,Male,$25-$70K,North,0
12646,4/4/2018,420,CNG,A,1895,0,1,0,1,1,Male,$25-$70K,North,0
12647,4/24/2018,420,CNG,A,1601,0,1,0,0,0,Male,$25-$70K,North,1
12648,4/24/2018,420,CNG,A,1110,1,0,1,0,1,Male,$25-$70K,North,0
12649,4/6/2018,420,CNG,A,2049,1,0,1,0,1,Male,$25-$70K,North,0
12650,4/17/2018,420,CNG,A,598,1,0,0,1,0,Male,$25-$70K,North,1
12651,4/28/2018,420,CNG,A,1023,0,1,0,0,1,Male,$25-$70K,North,1
12652,4/12/2018,420,CNG,A,1638,1,1,0,1,1,Male,$25-$70K,North,0
12653,4/11/2018,420,CNG,A,2076,1,1,0,0,1,Male,$25-$70K,North,1
12654,4/25/2018,420,CNG,A,738,0,1,1,1,0,Male,$25-$70K,North,1
12655,4/13/2018,420,CNG,A,1869,0,0,1,0,0,Male,$25-$70K,North,1
12656,4/22/2018,420,CNG,A,2455,1,0,0,1,1,Male,$25-$70K,North,0
12657,4/6/2018,420,CNG,A,1506,0,0,1,1,0,Male,$25-$70K,North,1
12658,4/19/2018,420,CNG,A,1615,1,0,0,1,0,Male,$25-$70K,North,0
12659,4/23/2018,420,CNG,A,2399,1,0,0,1,0,Male,$25-$70K,North,1
12660,4/16/2018,420,CNG,A,761,0,1,0,0,0,Male,$25-$70K,North,1
12661,4/19/2018,420,CNG,A,1553,1,0,0,1,1,Male,$25-$70K,North,1
12662,4/19/2018,420,CNG,A,1873,0,1,1,0,0,Male,$25-$70K,North,1
12663,4/24/2018,420,CNG,A,2190,0,1,1,1,1,Male,$25-$70K,North,0
12664,4/22/2018,420,CNG,A,1150,1,0,0,0,0,Male,$25-$70K,North,1
12665,4/6/2018,420,CNG,A,2495,1,1,1,1,1,Male,$25-$70K,North,1
12666,4/10/2018,420,CNG,A,1211,1,0,1,1,0,Male,$25-$70K,North,1
12667,4/22/2018,420,CNG,A,1944,0,0,0,0,0,Male,$25-$70K,North,0
12668,4/6/2018,420,CNG,A,795,0,1,1,0,1,Male,$25-$70K,North,0
12669,4/23/2018,420,CNG,A,1726,0,1,1,1,1,Male,$25-$70K,North,1
12670,4/26/2018,420,CNG,A,1412,1,0,0,1,1,Male,$25-$70K,North,1
12671,4/19/2018,420,CNG,A,681,1,0,1,1,0,Male,$25-$70K,North,0
12672,4/8/2018,420,CNG,A,1428,1,1,0,0,0,Male,$25-$70K,North,0
12673,4/8/2018,420,CNG,A,1891,1,0,0,1,1,Male,$25-$70K,North,0
12674,4/11/2018,420,CNG,A,621,1,1,0,0,1,Male,$25-$70K,North,0
12675,4/12/2018,420,CNG,A,1475,0,0,0,1,0,Male,$25-$70K,North,1
12676,4/29/2018,420,CNG,A,2205,0,1,0,1,1,Male,$25-$70K,North,1
12677,4/25/2018,420,CNG,A,555,1,0,0,1,0,Male,$25-$70K,North,0
12678,4/18/2018,420,CNG,A,2437,0,1,0,1,1,Male,$25-$70K,North,1
12679,4/26/2018,420,CNG,A,1837,0,0,1,1,1,Male,$25-$70K,North,0
12680,4/5/2018,420,CNG,A,1798,1,0,1,0,1,Male,$25-$70K,North,1
12681,4/28/2018,420,CNG,A,1759,0,0,0,1,0,Male,$25-$70K,North,0
12682,4/7/2018,420,CNG,A,2125,0,0,1,0,0,Male,$25-$70K,North,1
12683,4/1/2018,420,CNG,A,1429,0,1,0,1,1,Male,$25-$70K,North,0
12684,4/27/2018,420,CNG,A,548,1,0,1,1,1,Male,$25-$70K,North,1
12685,4/7/2018,420,CNG,A,2081,1,1,1,0,0,Male,$25-$70K,North,1
12686,4/17/2018,420,CNG,A,940,1,0,0,0,1,Male,$25-$70K,North,0
12687,4/20/2018,420,CNG,A,1835,1,1,1,0,1,Male,$25-$70K,North,1
12688,4/14/2018,420,CNG,A,744,1,0,0,0,1,Male,$25-$70K,North,1
12689,4/15/2018,420,CNG,A,1193,0,0,1,0,1,Male,$25-$70K,North,0
12690,4/5/2018,420,CNG,A,1328,0,0,0,0,1,Male,$25-$70K,North,1
12691,4/10/2018,420,CNG,A,1752,1,1,1,1,1,Male,$25-$70K,North,0
12692,4/23/2018,420,CNG,A,614,1,0,0,1,1,Male,$25-$70K,North,1
12693,4/28/2018,420,CNG,A,644,0,0,1,0,1,Male,$25-$70K,North,0
12694,4/3/2018,420,CNG,A,2362,0,1,1,0,0,Male,$25-$70K,North,1
12695,4/21/2018,420,CNG,A,1450,1,0,0,0,0,Male,$25-$70K,North,1
12696,4/2/2018,420,CNG,A,2032,0,1,1,0,0,Male,$25-$70K,North,1
12697,4/12/2018,420,CNG,A,516,0,0,0,0,0,Male,$25-$70K,North,1
12698,4/30/2018,420,CNG,A,513,0,1,1,0,0,Male,$25-$70K,North,1
12699,4/25/2018,420,CNG,A,677,1,1,1,1,1,Male,$25-$70K,North,1
12700,4/23/2018,755,CNG,A,2050,1,0,0,1,1,Male,$25-$70K,North,0
12701,4/10/2018,756,CNG,A,785,0,1,0,1,0,Male,$25-$70K,North,1
12702,4/12/2018,757,CNG,A,1770,1,1,0,0,1,Male,$25-$70K,North,0
12703,4/3/2018,758,CNG,A,2437,0,0,1,0,1,Male,$25-$70K,North,0
12704,4/14/2018,759,CNG,A,595,0,0,1,1,0,Male,$25-$70K,North,0
12705,4/17/2018,760,CNG,A,1868,1,1,0,1,0,Male,$25-$70K,North,1
12706,4/1/2018,761,CNG,A,1300,0,1,0,0,1,Male,$25-$70K,North,0
12707,4/26/2018,762,CNG,A,1830,0,0,1,1,0,Male,$25-$70K,North,0
12708,4/4/2018,763,CNG,A,1893,0,1,1,1,0,Male,$25-$70K,South,1
12709,4/29/2018,764,CNG,A,1256,0,1,1,0,0,Male,$25-$70K,South,0
12710,4/29/2018,765,CNG,A,839,1,0,0,1,0,Male,$25-$70K,South,0
12711,4/16/2018,766,CNG,A,1954,0,0,0,1,0,Male,$25-$70K,South,0
12712,4/12/2018,767,CNG,A,2001,1,1,0,0,0,Male,$25-$70K,South,1
12713,4/4/2018,768,CNG,A,1375,1,1,1,1,1,Male,$25-$70K,South,1
12714,4/25/2018,769,CNG,A,1134,0,0,0,0,1,Male,$25-$70K,South,1
12715,4/25/2018,770,CNG,A,2239,0,0,0,0,0,Male,$25-$70K,South,0
12716,4/15/2018,771,CNG,A,2445,1,0,0,1,0,Male,$25-$70K,South,0
12717,4/13/2018,772,CNG,A,1095,0,0,0,0,1,Male,$25-$70K,South,1
12718,4/30/2018,773,CNG,A,2326,1,0,1,0,0,Male,$25-$70K,South,0
12719,4/6/2018,774,CNG,A,1169,0,0,0,1,0,Male,$25-$70K,South,1
12720,4/22/2018,775,CNG,A,1186,1,0,0,0,1,Male,$25-$70K,South,1
12721,4/11/2018,776,CNG,A,1362,0,1,0,0,0,Male,$25-$70K,South,0
12722,4/28/2018,777,CNG,A,1091,0,1,0,1,0,Male,$25-$70K,South,0
12723,4/17/2018,778,CNG,A,1133,0,0,0,1,0,Male,$25-$70K,South,0
12724,4/22/2018,779,CNG,A,1657,1,1,0,1,0,Male,$25-$70K,South,1
12725,4/17/2018,780,CNG,A,1265,0,0,0,0,0,Male,$25-$70K,South,0
12726,4/14/2018,781,CNG,A,2162,1,0,0,0,0,Male,$25-$70K,South,1
12727,4/28/2018,782,CNG,A,1675,0,1,1,1,0,Male,$25-$70K,South,0
12728,4/8/2018,783,CNG,A,1066,1,1,1,0,1,Male,$25-$70K,South,0
12729,4/6/2018,784,CNG,A,1008,1,0,0,1,1,Male,$25-$70K,South,0
12730,4/14/2018,785,CNG,A,508,0,0,1,1,0,Male,$25-$70K,South,1
12731,4/25/2018,786,CNG,A,708,1,0,0,1,0,Male,$25-$70K,South,1
12732,4/10/2018,787,CNG,A,2129,1,1,1,1,1,Male,$25-$70K,South,0
12733,4/12/2018,788,CNG,A,1633,0,1,0,1,1,Male,$25-$70K,South,0
12734,4/7/2018,789,CNG,A,954,1,1,1,0,0,Male,$25-$70K,South,0
12735,4/6/2018,790,CNG,A,1413,1,1,1,1,0,Male,$25-$70K,South,0
12736,4/18/2018,791,CNG,A,1674,0,0,1,0,1,Male,$25-$70K,South,1
12737,4/3/2018,792,CNG,A,2246,1,1,0,0,1,Male,$25-$70K,South,1
12738,4/23/2018,793,CNG,A,1700,0,1,0,1,1,Male,$25-$70K,South,1
12739,4/7/2018,794,CNG,A,782,1,1,1,1,1,Male,$25-$70K,South,1
12740,4/5/2018,795,CNG,A,2069,0,0,1,0,1,Male,$25-$70K,South,1
12741,4/2/2018,796,CNG,A,1932,1,1,1,0,0,Male,$25-$70K,South,1
12742,4/23/2018,797,CNG,A,1389,1,1,0,1,0,Male,$25-$70K,South,1
12743,4/5/2018,798,CNG,A,1378,0,0,0,1,1,Male,$25-$70K,South,0
12744,4/24/2018,799,CNG,A,1142,1,1,1,0,0,Male,$25-$70K,South,1
12745,4/11/2018,800,CNG,A,1305,1,1,0,1,0,Male,$25-$70K,South,0
12746,4/27/2018,801,CNG,A,790,1,0,1,1,1,Male,$25-$70K,South,1
12747,4/30/2018,802,CNG,A,811,0,1,1,0,0,Male,$25-$70K,South,1
12748,4/26/2018,803,CNG,A,1860,0,1,0,1,1,Male,$25-$70K,South,0
12749,4/6/2018,804,CNG,A,1858,0,1,0,0,0,Male,$25-$70K,South,0
12750,4/16/2018,805,CNG,A,1981,1,0,1,1,1,Male,$25-$70K,South,1
12751,4/11/2018,806,CNG,A,1654,0,1,0,0,0,Male,$25-$70K,South,0
12752,4/19/2018,807,CNG,A,2449,0,1,1,0,1,Male,$25-$70K,South,0
12753,4/13/2018,808,CNG,A,2087,1,1,0,0,0,Male,$25-$70K,South,0
12754,4/29/2018,809,CNG,A,1815,0,1,0,1,1,Male,$25-$70K,South,0
12755,4/26/2018,810,CNG,A,781,1,1,1,1,1,Male,$25-$70K,South,1
12756,4/5/2018,811,CNG,A,2428,1,0,0,0,0,Male,$25-$70K,South,0
12757,4/27/2018,812,CNG,A,587,0,1,1,1,0,Male,$25-$70K,South,1
12758,4/2/2018,813,CNG,A,1897,1,0,1,1,0,Male,$25-$70K,South,1
12759,4/29/2018,814,CNG,A,517,0,1,0,1,1,Male,$25-$70K,South,0
12760,4/2/2018,815,CNG,A,1705,0,1,1,1,0,Male,$25-$70K,South,0
12761,4/7/2018,816,CNG,A,912,1,0,1,1,0,Male,$25-$70K,South,1
12762,4/2/2018,817,CNG,A,2204,1,1,1,0,0,Male,$25-$70K,South,0
12763,4/2/2018,818,CNG,A,2207,0,1,1,0,0,Male,$25-$70K,South,0
12764,4/23/2018,819,CNG,A,1943,0,0,1,1,0,Male,$25-$70K,South,1
12765,4/29/2018,820,CNG,A,1625,0,1,1,1,0,Male,$25-$70K,South,0
12766,4/30/2018,821,CNG,A,762,1,0,1,1,0,Male,$25-$70K,South,0
12767,4/13/2018,822,CNG,A,1595,0,0,0,1,0,Male,$25-$70K,South,1
12768,4/27/2018,823,CNG,A,625,0,0,0,0,0,Male,$25-$70K,South,1
12769,4/9/2018,824,CNG,A,1484,0,0,0,0,0,Male,$25-$70K,South,0
12770,4/30/2018,825,CNG,A,1604,1,1,1,0,1,Male,$25-$70K,South,0
12771,4/8/2018,826,CNG,A,1046,0,0,1,1,1,Male,$25-$70K,South,0
12772,4/6/2018,827,CNG,A,694,0,0,1,0,1,Male,$25-$70K,South,0
12773,4/17/2018,828,CNG,A,1248,1,1,1,0,1,Male,$25-$70K,South,0
12774,4/2/2018,829,CNG,A,2111,1,0,1,0,1,Male,$25-$70K,South,0
12775,4/4/2018,830,CNG,A,1648,0,1,1,1,1,Male,$25-$70K,South,1
12776,4/21/2018,831,CNG,A,630,0,0,0,0,0,Male,$25-$70K,South,1
12777,4/19/2018,832,CNG,A,1829,0,0,0,0,0,Male,$25-$70K,South,0
12778,4/21/2018,833,CNG,A,2113,0,0,0,0,0,Male,$25-$70K,South,0
12779,4/18/2018,834,CNG,A,734,1,1,0,1,0,Male,$25-$70K,South,1
12780,4/8/2018,835,CNG,A,2177,1,0,1,0,1,Male,$25-$70K,South,0
12781,4/7/2018,836,CNG,A,1923,0,0,1,0,1,Male,$25-$70K,South,0
12782,4/18/2018,837,CNG,A,1340,0,1,0,0,1,Male,$25-$70K,South,0
12783,4/15/2018,838,CNG,A,1282,1,0,0,1,0,Male,$25-$70K,South,0
12784,4/5/2018,839,CNG,A,2479,1,1,0,1,1,Male,$25-$70K,South,1
12785,4/11/2018,840,CNG,A,1206,0,1,1,1,0,Male,$25-$70K,South,0
12786,4/23/2018,840,CNG,A,1116,1,0,0,0,1,Male,$25-$70K,South,0
12787,4/24/2018,840,CNG,A,1845,0,1,0,1,0,Male,$25-$70K,South,0
12788,4/16/2018,840,CNG,A,600,0,1,0,0,1,Male,$25-$70K,South,1
12789,4/1/2018,840,CNG,A,812,1,1,1,0,0,Male,$25-$70K,South,1
12790,4/26/2018,840,CNG,A,2278,1,1,0,1,0,Male,$25-$70K,South,0
12791,4/5/2018,840,CNG,A,1488,1,0,1,0,0,Male,$25-$70K,South,0
12792,4/28/2018,840,CNG,A,1445,0,1,0,0,1,Male,$25-$70K,South,0
12793,4/15/2018,840,CNG,A,1677,1,0,0,0,0,Male,$25-$70K,South,0
12794,4/7/2018,840,CNG,A,2143,0,0,0,0,1,Male,$25-$70K,South,0
12795,4/9/2018,840,CNG,A,1124,0,1,1,1,0,Male,$25-$70K,South,1
12796,4/29/2018,840,CNG,A,2076,1,0,0,0,1,Male,$25-$70K,South,0
12797,4/20/2018,840,CNG,A,614,0,0,0,0,1,Male,$25-$70K,South,0
12798,4/22/2018,840,CNG,A,854,1,0,1,0,1,Male,$25-$70K,South,0
12799,4/22/2018,840,CNG,A,861,1,0,0,0,0,Male,$25-$70K,South,0
12800,4/17/2018,840,CNG,A,2323,1,0,0,1,0,Male,$25-$70K,South,1
12801,4/29/2018,840,CNG,A,508,0,0,0,1,1,Male,$25-$70K,South,0
12802,4/12/2018,840,CNG,A,1484,1,0,1,1,0,Male,$25-$70K,South,0
12803,4/21/2018,840,CNG,A,1273,0,1,1,0,0,Male,$25-$70K,South,0
12804,4/15/2018,840,CNG,A,796,0,1,0,1,0,Male,$25-$70K,South,0
12805,4/26/2018,840,CNG,A,681,0,1,1,1,0,Male,$25-$70K,South,0
12806,4/3/2018,840,CNG,A,1639,1,1,1,1,1,Male,$25-$70K,South,1
12807,4/15/2018,840,CNG,A,791,0,0,1,1,1,Male,$25-$70K,South,0
12808,4/6/2018,840,CNG,A,845,1,1,1,0,1,Male,>$70K,South,1
12809,4/8/2018,840,CNG,A,920,0,1,0,1,0,Male,>$70K,South,1
12810,4/25/2018,840,CNG,A,2123,0,0,0,1,1,Male,>$70K,South,1
12811,4/7/2018,840,CNG,A,1973,1,0,0,0,0,Male,>$70K,South,0
12812,4/16/2018,840,CNG,A,2234,0,0,1,1,1,Male,>$70K,South,0
12813,4/14/2018,840,CNG,A,1988,0,0,0,0,0,Male,>$70K,South,1
12814,4/16/2018,840,CNG,A,2366,1,1,0,0,0,Male,>$70K,South,1
12815,4/15/2018,840,CNG,A,1773,1,0,1,0,0,Male,>$70K,South,1
12816,4/9/2018,840,CNG,A,1017,1,0,1,0,0,Male,>$70K,South,0
12817,4/8/2018,840,CNG,A,1008,1,1,1,0,1,Male,>$70K,South,0
12818,4/21/2018,840,CNG,A,1088,1,0,0,1,1,Male,>$70K,South,1
12819,4/8/2018,840,CNG,A,923,1,0,1,0,1,Male,>$70K,South,0
12820,4/5/2018,840,CNG,A,813,1,0,1,0,1,Male,>$70K,South,1
12821,4/18/2018,840,CNG,A,1982,1,1,1,1,1,Male,>$70K,South,1
12822,4/20/2018,840,CNG,A,549,1,1,0,1,1,Male,>$70K,South,1
12823,4/22/2018,840,CNG,A,1389,0,0,1,0,1,Male,>$70K,South,1
12824,4/19/2018,840,CNG,A,2268,0,0,0,1,1,Male,>$70K,South,1
12825,4/21/2018,840,CNG,A,770,1,1,0,0,1,Male,>$70K,South,1
12826,4/26/2018,840,CNG,A,887,1,0,1,1,0,Male,>$70K,South,0
12827,4/17/2018,840,CNG,A,1758,1,0,1,1,0,Male,>$70K,South,1
12828,4/12/2018,840,CNG,A,1018,1,0,1,0,1,Male,>$70K,South,0
12829,4/9/2018,840,CNG,A,2162,1,1,0,1,0,Male,>$70K,South,0
12830,4/21/2018,840,CNG,A,860,0,1,1,1,1,Male,>$70K,South,0
12831,4/24/2018,840,CNG,A,1319,0,1,1,0,0,Male,>$70K,South,1
12832,4/8/2018,840,CNG,A,1918,1,1,1,1,0,Male,>$70K,South,0
12833,4/4/2018,840,CNG,A,732,0,1,1,1,0,Male,>$70K,South,1
12834,4/1/2018,840,CNG,A,1019,1,1,0,1,0,Male,>$70K,South,1
12835,4/26/2018,840,CNG,A,2415,0,1,1,0,0,Male,>$70K,South,1
12836,4/18/2018,840,CNG,A,1538,1,0,1,1,0,Male,>$70K,South,0
12837,4/20/2018,840,CNG,A,2279,1,0,1,1,0,Male,>$70K,South,1
12838,4/26/2018,840,CNG,A,2218,0,0,0,0,0,Male,>$70K,South,0
12839,4/20/2018,840,CNG,A,1653,1,0,1,0,0,Male,>$70K,South,0
12840,4/9/2018,840,CNG,A,2436,1,1,1,0,1,Male,>$70K,South,0
12841,4/19/2018,840,CNG,A,1673,0,0,0,1,0,Male,>$70K,South,1
12842,4/3/2018,840,CNG,A,2332,0,0,0,1,1,Male,>$70K,South,0
12843,4/19/2018,840,CNG,A,959,0,0,1,0,1,Male,>$70K,South,0
12844,4/27/2018,840,CNG,A,837,1,0,0,1,1,Male,>$70K,South,0
12845,5/2/2018,840,CNG,A,2434,0,0,1,1,0,Male,>$70K,South,0
12846,5/8/2018,840,CNG,A,1778,1,1,0,1,1,Male,>$70K,South,1
12847,5/27/2018,840,CNG,A,2417,0,0,1,1,1,Male,>$70K,South,1
12848,5/7/2018,840,CNG,A,1775,1,1,0,0,0,Male,>$70K,South,1
12849,5/27/2018,840,CNG,A,1210,0,1,0,1,0,Male,>$70K,South,0
12850,5/27/2018,840,CNG,A,568,0,1,1,1,1,Male,>$70K,South,1
12851,5/22/2018,840,CNG,A,724,1,0,1,1,0,Male,>$70K,South,0
12852,5/2/2018,840,CNG,A,1760,1,1,1,1,1,Male,>$70K,South,0
12853,5/13/2018,840,CNG,A,1345,1,1,1,1,0,Male,>$70K,South,1
12854,5/5/2018,840,CNG,A,2094,1,1,0,0,0,Male,>$70K,South,0
12855,5/25/2018,840,CNG,A,2241,1,1,1,0,0,Male,>$70K,South,0
12856,5/3/2018,840,CNG,A,1488,1,1,0,1,1,Male,>$70K,South,0
12857,5/28/2018,840,CNG,A,1028,1,1,1,1,1,Male,>$70K,South,1
12858,5/9/2018,840,CNG,A,1252,0,0,1,1,0,Male,>$70K,South,0
12859,5/10/2018,840,CNG,A,2445,0,0,1,0,0,Male,>$70K,South,1
12860,5/11/2018,840,CNG,A,1525,1,0,1,1,0,Male,>$70K,South,1
12861,5/10/2018,840,CNG,A,1157,1,0,0,1,0,Male,>$70K,South,1
12862,5/22/2018,840,CNG,A,902,1,0,0,1,0,Male,>$70K,South,0
12863,5/1/2018,840,CNG,A,2082,0,0,0,1,0,Male,>$70K,South,0
12864,5/22/2018,840,CNG,A,1723,1,1,0,1,1,Male,>$70K,South,0
12865,5/6/2018,840,CNG,A,1532,0,0,1,1,1,Male,>$70K,South,1
12866,5/14/2018,840,CNG,A,972,0,0,1,0,0,Male,>$70K,South,0
12867,5/5/2018,840,CNG,A,1089,0,1,0,1,1,Male,>$70K,South,1
12868,5/11/2018,840,CNG,A,2400,1,1,1,1,1,Male,>$70K,South,0
12869,5/22/2018,840,CNG,A,1667,1,1,1,1,0,Male,>$70K,South,0
12870,5/30/2018,840,CNG,A,908,1,1,0,1,1,Male,>$70K,South,0
12871,5/10/2018,840,CNG,A,1719,1,0,1,0,1,Male,>$70K,South,1
12872,5/24/2018,840,CNG,A,1148,0,1,1,0,0,Male,>$70K,South,1
12873,5/15/2018,840,CNG,A,1412,0,1,0,0,1,Male,>$70K,South,0
12874,5/6/2018,840,CNG,A,1291,1,0,0,1,0,Male,>$70K,South,0
12875,5/6/2018,840,CNG,A,1211,1,0,1,1,1,Male,>$70K,South,0
12876,5/7/2018,840,CNG,A,995,1,0,1,1,0,Male,>$70K,South,0
12877,5/30/2018,840,CNG,A,724,1,1,1,1,0,Male,>$70K,South,1
12878,5/2/2018,840,CNG,A,1177,1,0,0,1,1,Male,>$70K,South,1
12879,5/12/2018,840,CNG,A,2403,0,0,0,1,0,Male,>$70K,South,1
12880,5/9/2018,840,CNG,A,1134,0,1,0,0,0,Male,>$70K,South,1
12881,5/13/2018,840,CNG,A,2419,1,1,1,1,0,Male,>$70K,South,1
12882,5/20/2018,840,CNG,A,1049,0,1,1,1,1,Male,>$70K,South,0
12883,5/6/2018,840,CNG,A,1123,0,1,0,0,0,Male,>$70K,South,1
12884,5/2/2018,840,CNG,A,1571,1,0,1,0,1,Male,>$70K,South,1
12885,5/17/2018,840,CNG,A,1540,1,0,1,0,1,Male,>$70K,South,1
12886,5/15/2018,840,CNG,A,2154,1,1,0,1,1,Male,>$70K,South,1
12887,5/12/2018,840,CNG,A,1188,1,1,1,0,1,Male,>$70K,South,1
12888,5/7/2018,840,CNG,A,2465,1,1,1,0,0,Male,>$70K,South,1
12889,5/8/2018,840,CNG,A,1972,0,0,0,0,1,Male,>$70K,South,0
12890,5/21/2018,840,CNG,A,947,0,1,1,0,0,Male,>$70K,South,0
12891,5/14/2018,840,CNG,A,2032,0,1,0,1,1,Male,>$70K,South,1
12892,5/12/2018,840,CNG,A,1409,0,1,1,0,1,Male,>$70K,South,1
12893,5/2/2018,840,CNG,A,1353,0,1,0,1,1,Male,>$70K,South,1
12894,5/11/2018,840,CNG,A,2449,1,1,0,1,0,Male,>$70K,South,0
12895,5/30/2018,840,CNG,A,1602,1,0,1,0,1,Male,>$70K,South,0
12896,5/19/2018,840,CNG,A,1400,0,0,1,0,1,Male,>$70K,South,0
12897,5/29/2018,840,CNG,A,915,0,0,1,1,1,Male,>$70K,South,1
12898,5/2/2018,840,CNG,A,601,0,0,1,1,1,Male,>$70K,South,1
12899,5/9/2018,840,CNG,A,1898,1,0,0,0,0,Male,>$70K,South,1
12900,5/14/2018,840,CNG,A,1852,1,1,0,1,1,Male,>$70K,South,0
12901,5/16/2018,840,CNG,A,686,1,0,0,1,1,Male,>$70K,South,1
12902,5/29/2018,840,CNG,A,1914,0,1,1,0,1,Male,>$70K,South,1
12903,5/6/2018,840,CNG,A,689,0,1,1,0,1,Male,>$70K,South,0
12904,5/14/2018,840,CNG,A,776,1,1,0,1,0,Male,>$70K,South,1
12905,5/15/2018,840,CNG,A,1399,0,0,1,0,1,Male,>$70K,South,0
12906,5/7/2018,840,CNG,A,2344,0,0,1,0,1,Male,>$70K,South,1
12907,5/24/2018,840,CNG,A,1010,1,1,1,1,1,Male,>$70K,South,1
12908,5/27/2018,840,CNG,A,1988,0,1,0,1,1,Male,>$70K,South,0
12909,5/5/2018,840,CNG,A,634,0,1,1,0,0,Male,>$70K,South,0
12910,5/12/2018,840,CNG,A,2100,0,0,1,1,0,Male,>$70K,South,0
12911,5/15/2018,840,CNG,A,635,1,1,0,0,1,Male,>$70K,South,1
12912,5/11/2018,840,CNG,A,1829,1,1,1,1,0,Male,>$70K,South,1
12913,5/17/2018,840,CNG,A,582,1,0,0,1,1,Male,>$70K,South,0
12914,5/30/2018,840,CNG,A,1884,1,0,0,0,0,Male,>$70K,South,0
12915,5/26/2018,840,CNG,A,2203,0,1,1,0,0,Male,>$70K,South,0
12916,5/19/2018,840,CNG,A,946,1,0,0,1,0,Male,>$70K,South,1
12917,5/2/2018,840,CNG,A,716,0,1,1,1,1,Male,>$70K,South,1
12918,5/13/2018,840,CNG,A,1625,0,1,0,1,1,Male,>$70K,South,0
12919,5/11/2018,840,CNG,A,837,0,0,0,1,0,Male,>$70K,South,1
12920,5/19/2018,840,CNG,A,2469,1,1,1,0,1,Male,>$70K,South,0
12921,5/17/2018,840,CNG,A,1162,0,0,1,0,1,Male,>$70K,South,0
12922,5/16/2018,840,CNG,A,1565,0,0,1,1,0,Male,>$70K,South,1
12923,5/18/2018,840,CNG,A,2313,1,0,0,1,0,Male,>$70K,South,0
12924,5/12/2018,840,CNG,A,741,1,0,0,1,1,Male,>$70K,South,1
12925,5/7/2018,840,CNG,A,1845,1,0,1,0,0,Male,>$70K,South,0
12926,5/21/2018,840,CNG,A,1325,0,1,1,0,1,Male,>$70K,South,1
12927,5/21/2018,840,CNG,A,1570,1,1,1,0,1,Male,>$70K,South,0
12928,5/17/2018,840,CNG,A,2209,0,0,1,1,1,Male,>$70K,South,0
12929,5/24/2018,840,CNG,A,538,0,1,0,1,0,Male,>$70K,South,0
12930,5/21/2018,840,CNG,A,1895,1,1,1,1,1,Male,>$70K,South,0
12931,5/30/2018,840,CNG,A,2182,0,1,0,1,1,Male,>$70K,South,0
12932,5/23/2018,840,CNG,A,1483,1,1,0,0,1,Male,>$70K,South,0
12933,5/5/2018,840,CNG,A,1241,1,0,1,1,0,Male,>$70K,South,0
12934,5/25/2018,840,CNG,A,1256,0,0,1,0,0,Male,>$70K,South,0
12935,5/17/2018,840,CNG,A,2340,0,0,0,1,0,Male,>$70K,South,0
12936,5/23/2018,840,CNG,A,2365,0,1,1,0,0,Male,>$70K,South,0
12937,5/26/2018,840,CNG,A,651,1,1,0,0,0,Male,>$70K,South,1
12938,5/30/2018,840,CNG,A,2141,0,1,0,0,1,Male,>$70K,South,1
12939,5/25/2018,840,CNG,A,1358,0,1,1,1,1,Male,>$70K,South,1
12940,5/16/2018,995,CNG,A,2094,1,0,0,0,0,Male,>$70K,South,0
12941,5/18/2018,996,CNG,A,1962,0,1,1,1,0,Male,>$70K,South,1
12942,5/30/2018,997,CNG,A,2055,1,0,1,0,0,Male,>$70K,South,1
12943,5/22/2018,998,CNG,A,1542,1,0,1,1,1,Male,>$70K,South,0
12944,5/19/2018,999,CNG,A,1339,0,1,1,1,0,Male,>$70K,South,0
12945,6/21/2018,1000,CNG,A,2284,1,0,1,0,1,Male,>$70K,South,1
12946,6/29/2018,1001,CNG,A,1340,1,1,1,1,1,Male,>$70K,South,1
12947,6/12/2018,1002,CNG,A,2041,0,0,0,0,1,Male,>$70K,South,1
12948,6/9/2018,1003,CNG,A,861,1,0,0,1,0,Male,>$70K,South,1
12949,6/22/2018,1004,CNG,B,1047,1,1,0,0,0,Male,>$70K,South,0
12950,6/14/2018,1005,CNG,B,2001,1,0,0,0,0,Male,>$70K,South,0
12951,6/26/2018,1006,CNG,B,1327,0,0,0,0,1,Male,>$70K,South,0
12952,6/21/2018,1007,CNG,B,2367,0,0,1,0,1,Male,>$70K,South,1
12953,6/27/2018,1008,CNG,B,1829,1,0,0,1,0,Male,>$70K,South,0
12954,6/9/2018,1009,CNG,B,1744,0,0,1,1,1,Male,>$70K,South,1
12955,6/6/2018,1010,CNG,B,878,0,1,0,0,0,Male,>$70K,South,1
12956,6/11/2018,1011,Petrol,B,641,0,0,0,1,1,Male,>$70K,South,1
12957,6/26/2018,1012,Petrol,B,1096,1,1,1,1,1,Male,>$70K,South,1
12958,6/21/2018,1013,Petrol,B,1761,1,0,0,1,1,Male,>$70K,South,0
12959,6/15/2018,1014,Petrol,B,875,1,0,0,1,1,Male,>$70K,South,0
12960,6/1/2018,1015,Petrol,B,698,0,1,0,0,0,Male,>$70K,South,0
12961,6/30/2018,1016,Petrol,B,1251,1,1,0,0,0,Male,>$70K,South,1
12962,6/17/2018,1017,Petrol,B,1500,1,1,0,0,1,Male,>$70K,South,1
12963,6/30/2018,1018,Petrol,B,2422,1,0,1,0,1,Male,>$70K,South,1
12964,6/22/2018,1019,Petrol,B,1197,1,0,1,1,1,Male,>$70K,South,1
12965,6/1/2018,1020,Petrol,B,1507,1,1,1,0,1,Male,>$70K,South,0
12966,6/28/2018,1021,Petrol,B,609,0,0,1,0,1,Male,>$70K,South,1
12967,6/25/2018,1022,Petrol,B,1339,1,0,1,0,1,Male,>$70K,South,0
12968,6/7/2018,1023,Petrol,B,1730,0,0,1,0,0,Male,>$70K,South,0
12969,6/1/2018,1024,Petrol,B,2164,1,1,1,1,1,Male,>$70K,South,1
12970,6/23/2018,1025,Petrol,B,1791,0,0,1,0,1,Male,>$70K,South,0
12971,6/18/2018,1026,Petrol,B,759,1,1,1,0,0,Male,>$70K,South,1
12972,6/14/2018,1027,Petrol,B,1199,1,0,0,1,0,Male,>$70K,South,0
12973,6/28/2018,1028,Petrol,B,1214,1,1,1,1,1,Male,>$70K,South,1
12974,6/13/2018,1029,Petrol,B,2104,1,0,1,0,1,Male,>$70K,South,1
12975,6/9/2018,1030,Petrol,B,538,1,0,1,0,1,Male,>$70K,South,1
12976,6/27/2018,1031,Petrol,B,1951,0,0,1,0,0,Male,>$70K,South,0
12977,6/18/2018,1032,Petrol,B,804,0,1,1,0,1,Male,>$70K,South,0
12978,6/8/2018,1033,Petrol,B,1778,1,0,1,0,0,Male,>$70K,South,0
12979,6/22/2018,1034,Petrol,B,1368,0,0,0,0,1,Male,>$70K,South,0
12980,6/21/2018,1035,Petrol,B,1744,0,1,1,1,1,Male,>$70K,South,0
12981,6/10/2018,1036,Petrol,B,844,1,0,0,0,1,Male,>$70K,South,1
12982,6/12/2018,1037,Petrol,B,1769,1,1,1,1,1,Male,>$70K,South,1
12983,6/2/2018,1038,Petrol,B,873,1,1,1,1,0,Male,>$70K,South,0
12984,6/7/2018,1039,Petrol,B,2088,1,1,0,0,1,Male,>$70K,South,1
12985,6/4/2018,1040,Petrol,B,520,0,1,0,1,0,Male,>$70K,South,1
12986,6/12/2018,1041,Petrol,B,1642,1,1,0,1,1,Male,>$70K,South,1
12987,6/26/2018,1042,Petrol,B,1261,1,1,1,0,1,Male,>$70K,South,0
12988,6/24/2018,1043,Petrol,B,2266,0,0,1,1,0,Male,$25-$70K,South,1
12989,6/27/2018,1044,Petrol,B,2302,0,0,1,1,1,Male,$25-$70K,South,0
12990,6/7/2018,1045,Petrol,B,2191,0,1,1,0,1,Male,$25-$70K,South,0
12991,6/29/2018,1046,Petrol,B,620,1,0,0,1,0,Male,$25-$70K,South,1
12992,6/10/2018,1047,Petrol,B,874,1,1,1,0,1,Male,$25-$70K,South,1
12993,6/18/2018,1048,Petrol,B,1217,1,0,1,0,1,Male,$25-$70K,South,1
12994,6/14/2018,1049,Petrol,B,586,0,1,0,1,0,Male,$25-$70K,South,0
12995,6/19/2018,1050,Petrol,B,972,0,1,1,0,1,Male,$25-$70K,South,0
12996,6/17/2018,1051,Petrol,B,958,1,1,0,1,0,Male,$25-$70K,South,0
12997,6/16/2018,1052,Petrol,B,1971,1,1,0,1,0,Male,$25-$70K,South,1
12998,6/4/2018,1053,Petrol,B,1225,1,1,1,0,0,Male,$25-$70K,South,0
12999,6/25/2018,1054,Petrol,B,1789,0,1,1,0,1,Male,$25-$70K,South,1
13000,6/29/2018,1055,Petrol,B,523,0,1,0,1,1,Male,$25-$70K,South,1
13001,6/23/2018,1056,Petrol,B,1548,1,1,1,1,1,Male,$25-$70K,South,1
13002,6/6/2018,1057,Petrol,B,1524,0,0,1,0,0,Male,$25-$70K,South,0
13003,6/18/2018,1058,Petrol,B,752,1,0,1,0,1,Male,$25-$70K,South,1
13004,6/7/2018,1059,Petrol,B,1787,0,1,1,0,0,Male,$25-$70K,South,0
13005,6/2/2018,1060,Petrol,B,1416,1,0,0,1,1,Male,$25-$70K,South,1
13006,6/16/2018,1061,Petrol,B,1685,1,0,0,1,1,Male,$25-$70K,South,1
13007,6/15/2018,1062,Petrol,B,920,0,0,0,0,0,Male,$25-$70K,South,0
13008,6/24/2018,1063,Petrol,B,1976,1,1,1,0,1,Male,$25-$70K,South,1
13009,6/11/2018,1064,Petrol,B,2353,1,1,1,1,0,Male,$25-$70K,South,1
13010,6/19/2018,1065,Petrol,B,1045,1,0,1,1,0,Male,$25-$70K,South,0
13011,6/14/2018,1066,Petrol,B,1998,1,0,1,0,0,Male,$25-$70K,South,0
13012,6/3/2018,1067,Petrol,B,593,0,0,1,0,1,Male,$25-$70K,South,0
13013,6/6/2018,1068,Petrol,B,1994,1,1,0,1,0,Male,$25-$70K,South,0
13014,6/13/2018,1069,Petrol,B,1595,0,0,0,0,1,Male,$25-$70K,South,0
13015,6/22/2018,1070,Petrol,B,2181,0,1,0,1,0,Male,$25-$70K,South,0
13016,6/16/2018,1071,Petrol,B,2403,0,0,1,1,0,Male,$25-$70K,South,0
13017,6/8/2018,1072,Petrol,B,1918,1,0,0,1,0,Male,$25-$70K,South,0
13018,6/11/2018,1073,Petrol,B,1651,0,1,1,0,1,Male,$25-$70K,South,0
13019,6/28/2018,1074,Petrol,B,541,1,1,1,0,0,Male,$25-$70K,South,1
13020,6/30/2018,1075,Petrol,B,1164,1,1,0,0,0,Male,$25-$70K,South,1
13021,6/16/2018,1076,Petrol,B,2289,0,1,0,0,0,Male,$25-$70K,South,1
13022,6/11/2018,1077,Petrol,B,1519,0,1,1,0,1,Male,$25-$70K,South,1
13023,6/5/2018,1078,Petrol,B,1840,1,0,1,1,1,Male,$25-$70K,South,0
13024,6/20/2018,1079,Petrol,B,1798,0,0,0,0,1,Male,$25-$70K,South,1
13025,6/15/2018,1080,Petrol,B,933,0,0,1,1,0,Male,$25-$70K,South,0
13026,6/27/2018,1081,Petrol,B,2291,0,0,0,1,1,Male,$25-$70K,South,1
13027,6/28/2018,1082,Petrol,B,648,1,0,0,1,0,Male,$25-$70K,South,0
13028,6/26/2018,1083,Petrol,B,1933,1,0,1,0,0,Male,$25-$70K,South,0
13029,6/29/2018,1084,Petrol,B,911,0,0,0,0,0,Male,$25-$70K,South,0
13030,6/10/2018,1085,Petrol,B,2299,1,0,1,1,1,Male,$25-$70K,South,0
13031,6/27/2018,1086,Petrol,B,620,0,1,1,0,0,Male,$25-$70K,South,0
13032,6/27/2018,1087,Petrol,B,2418,0,1,0,1,0,Male,$25-$70K,South,0
13033,6/18/2018,1088,Petrol,B,1785,1,0,0,0,0,Male,$25-$70K,South,0
13034,6/4/2018,1089,Petrol,B,2139,1,1,1,0,0,Male,$25-$70K,South,1
13035,6/23/2018,1090,Petrol,B,2023,0,1,1,1,1,Male,$25-$70K,South,0
13036,6/6/2018,1091,Petrol,B,2099,0,0,0,0,1,Male,$25-$70K,South,0
13037,6/19/2018,1092,Petrol,B,1559,1,0,0,1,0,Male,$25-$70K,South,0
13038,6/11/2018,1093,Petrol,B,1277,0,0,0,1,1,Male,$25-$70K,South,1
13039,6/29/2018,1094,Petrol,B,2487,1,1,0,0,1,Male,$25-$70K,South,1
13040,6/2/2018,1095,Petrol,B,1717,0,0,0,1,1,Male,$25-$70K,South,0
13041,6/14/2018,1096,Petrol,B,2342,1,1,0,0,0,Male,$25-$70K,South,1
13042,6/1/2018,1097,Petrol,B,717,0,1,1,1,0,Male,$25-$70K,South,1
13043,6/16/2018,1098,Petrol,B,1533,0,0,0,1,0,Male,$25-$70K,South,0
13044,6/23/2018,1099,Petrol,B,751,1,0,1,0,0,Male,$25-$70K,South,1
13045,7/29/2018,1100,Petrol,B,2277,1,0,0,0,1,Male,$25-$70K,South,1
13046,7/6/2018,1101,Petrol,B,2205,0,0,0,0,1,Male,$25-$70K,South,0
13047,7/5/2018,1102,Petrol,B,1095,1,0,0,0,1,Male,$25-$70K,South,0
13048,7/23/2018,1103,Petrol,B,552,0,0,1,1,1,Male,$25-$70K,South,1
13049,7/24/2018,1104,Petrol,B,2489,1,0,1,0,0,Male,$25-$70K,South,0
13050,7/21/2018,1105,Petrol,B,2345,1,1,1,0,0,Male,$25-$70K,South,0
13051,7/5/2018,1106,Petrol,B,1712,0,0,1,0,0,Male,$25-$70K,South,0
13052,7/23/2018,1107,Petrol,B,2326,1,0,1,1,1,Male,$25-$70K,South,1
13053,7/6/2018,1108,Petrol,B,505,0,0,0,1,1,Male,$25-$70K,South,1
13054,7/23/2018,1109,Petrol,B,882,0,0,0,0,1,Male,$25-$70K,South,1
13055,7/18/2018,1110,Petrol,B,837,1,0,0,1,0,Male,$25-$70K,South,0
13056,7/3/2018,1111,Petrol,B,2418,0,1,1,0,1,Male,$25-$70K,South,0
13057,7/24/2018,1112,Petrol,B,625,0,1,1,1,0,Male,$25-$70K,South,1
13058,7/20/2018,1113,Petrol,B,1643,1,1,0,1,0,Male,$25-$70K,South,0
13059,7/28/2018,1114,Petrol,B,1564,0,0,0,1,0,Male,$25-$70K,South,0
13060,7/13/2018,1115,Petrol,B,1642,0,0,0,1,1,Male,$25-$70K,South,1
13061,7/24/2018,1116,Petrol,B,1354,0,1,0,0,0,Male,$25-$70K,South,1
13062,7/13/2018,1117,Petrol,B,1614,1,1,0,0,1,Male,$25-$70K,South,0
13063,7/3/2018,1118,Petrol,B,1764,1,1,1,0,1,Male,$25-$70K,South,0
13064,7/18/2018,1119,Petrol,B,1848,1,1,1,0,1,Male,$25-$70K,South,0
13065,7/8/2018,1120,Petrol,B,953,1,1,0,1,1,Male,$25-$70K,South,0
13066,7/3/2018,1121,Petrol,B,2009,0,0,0,0,1,Male,$25-$70K,South,0
13067,7/26/2018,1122,Petrol,B,1726,0,1,0,1,1,Male,$25-$70K,South,1
13068,7/25/2018,1123,Petrol,B,741,1,1,1,0,1,Male,$25-$70K,South,0
13069,7/17/2018,1124,Petrol,B,2467,0,0,1,0,0,Male,$25-$70K,South,0
13070,7/15/2018,1125,Petrol,B,775,0,1,1,1,1,Male,$25-$70K,South,0
13071,7/19/2018,1126,Petrol,B,1545,1,0,0,1,0,Male,$25-$70K,South,1
13072,7/14/2018,1127,Petrol,B,631,1,0,0,1,1,Male,$25-$70K,South,1
13073,7/24/2018,1128,Petrol,B,2250,1,1,1,0,0,Male,$25-$70K,East,0
13074,7/7/2018,1129,Petrol,B,1741,0,0,0,1,0,Male,$25-$70K,East,0
13075,7/28/2018,1130,Petrol,B,1668,0,1,0,1,0,Male,$25-$70K,East,0
13076,7/20/2018,1131,Petrol,B,1303,1,1,1,0,1,Male,$25-$70K,East,1
13077,7/7/2018,1132,Petrol,B,691,1,0,1,1,0,Male,$25-$70K,East,0
13078,7/7/2018,1133,Petrol,B,1157,1,0,1,1,0,Male,$25-$70K,East,1
13079,7/14/2018,1134,Petrol,B,648,1,0,0,1,0,Male,$25-$70K,East,0
13080,7/5/2018,1135,Petrol,B,563,0,0,1,1,1,Male,$25-$70K,East,1
13081,7/2/2018,1136,Petrol,B,2040,1,1,1,0,1,Male,$25-$70K,East,1
13082,7/11/2018,1137,Petrol,B,1211,0,0,1,0,0,Male,$25-$70K,East,1
13083,7/14/2018,1138,Petrol,B,1666,0,1,1,1,0,Male,$25-$70K,East,1
13084,7/13/2018,1139,Petrol,B,1140,0,1,0,0,0,Male,$25-$70K,East,0
13085,7/22/2018,1140,Petrol,B,2108,0,0,0,0,1,Male,$25-$70K,East,1
13086,7/9/2018,1141,Petrol,B,1734,1,0,0,0,1,Male,$25-$70K,East,1
13087,7/10/2018,1142,Petrol,B,1281,0,0,0,0,0,Male,$25-$70K,East,1
13088,7/5/2018,1143,Petrol,B,1926,0,0,1,0,1,Male,$25-$70K,East,1
13089,7/28/2018,1144,Petrol,B,2095,1,0,0,1,0,Male,$25-$70K,East,0
13090,7/26/2018,1145,Petrol,B,2199,0,0,1,1,1,Male,$25-$70K,East,1
13091,7/16/2018,1146,Petrol,B,611,1,0,0,1,0,Male,$25-$70K,East,1
13092,7/2/2018,1147,Petrol,B,2117,1,1,1,1,1,Male,$25-$70K,East,0
13093,7/23/2018,1148,Petrol,B,1427,0,0,0,1,1,Male,$25-$70K,East,1
13094,7/13/2018,1149,Petrol,B,2141,0,1,1,1,1,Male,$25-$70K,East,1
13095,7/19/2018,1150,Petrol,B,1286,1,1,1,1,1,Male,$25-$70K,East,0
13096,7/26/2018,1151,Petrol,B,521,1,1,1,0,0,Male,$25-$70K,East,1
13097,7/18/2018,1152,Petrol,B,1002,0,1,1,0,1,Male,$25-$70K,East,1
13098,7/30/2018,1153,Petrol,B,1425,1,0,0,0,0,Male,$25-$70K,East,0
13099,7/4/2018,1154,Petrol,B,1796,1,1,0,1,1,Male,$25-$70K,East,0
13100,7/11/2018,1155,Petrol,B,1627,1,1,1,1,0,Male,$25-$70K,East,0
13101,7/25/2018,1156,Petrol,B,1019,1,0,1,0,0,Male,$25-$70K,East,1
13102,7/14/2018,1157,Petrol,B,1492,0,0,0,1,0,Male,$25-$70K,East,1
13103,7/9/2018,1158,Petrol,B,2220,0,1,1,1,1,Male,$25-$70K,East,1
13104,7/15/2018,1159,Petrol,B,705,0,1,0,1,1,Male,$25-$70K,East,0
13105,7/6/2018,1160,Petrol,B,1925,1,0,0,0,0,Male,$25-$70K,East,1
13106,7/11/2018,1161,Petrol,B,1673,1,0,0,0,1,Male,$25-$70K,East,0
13107,7/20/2018,1162,Petrol,B,2359,1,1,1,1,1,Male,$25-$70K,East,1
13108,7/2/2018,1163,Petrol,B,1857,1,1,0,1,1,Male,$25-$70K,East,1
13109,7/28/2018,1164,Petrol,B,2235,1,0,0,1,1,Male,$25-$70K,East,0
13110,7/15/2018,1165,Petrol,B,1192,1,1,1,0,0,Male,$25-$70K,East,1
13111,7/13/2018,1166,Petrol,B,1490,0,1,0,1,1,Male,$25-$70K,East,1
13112,7/15/2018,1167,Petrol,B,2156,1,1,1,1,1,Male,0- $25K,East,0
13113,7/5/2018,1168,Petrol,B,2241,0,1,0,1,0,Male,0- $25K,East,0
13114,7/8/2018,1169,Petrol,B,2052,0,1,1,1,0,Male,0- $25K,East,1
13115,7/10/2018,1170,Petrol,B,1371,0,1,0,1,1,Male,0- $25K,East,1
13116,7/22/2018,1171,Petrol,B,1351,1,1,0,1,0,Male,0- $25K,East,1
13117,7/11/2018,1172,Petrol,B,1008,0,0,0,1,0,Male,0- $25K,East,0
13118,7/4/2018,1173,Petrol,B,1798,0,1,0,1,0,Male,0- $25K,East,1
13119,7/1/2018,1174,Petrol,B,1253,0,1,1,1,0,Male,0- $25K,East,1
13120,7/8/2018,1175,Petrol,B,1939,1,0,0,0,0,Male,0- $25K,East,0
13121,7/25/2018,1176,Petrol,B,2475,1,0,1,0,0,Male,0- $25K,East,0
13122,7/13/2018,1177,Petrol,B,1949,0,1,0,0,1,Male,0- $25K,East,0
13123,7/25/2018,1178,Petrol,B,1143,1,0,1,1,1,Male,0- $25K,East,1
13124,7/1/2018,1179,Petrol,B,2084,0,1,0,1,0,Male,0- $25K,East,1
13125,7/22/2018,1180,Petrol,B,2434,1,1,0,0,1,Male,0- $25K,East,0
13126,7/25/2018,1181,Petrol,B,2313,0,0,0,1,0,Male,0- $25K,East,1
13127,7/25/2018,1182,Petrol,B,500,0,1,0,0,0,Male,0- $25K,East,1
13128,7/30/2018,1183,Petrol,B,1977,1,0,1,0,1,Male,0- $25K,East,0
13129,7/20/2018,1184,Petrol,B,1195,1,1,1,0,0,Male,0- $25K,East,1
13130,7/14/2018,1185,Petrol,B,1163,0,0,0,0,1,Male,0- $25K,East,0
13131,7/16/2018,1186,Petrol,B,2010,1,0,0,1,1,Male,0- $25K,East,1
13132,7/17/2018,1187,Petrol,B,532,1,1,1,0,1,Male,0- $25K,East,1
13133,7/23/2018,1188,Petrol,B,2478,0,0,0,0,0,Male,0- $25K,East,1
13134,7/15/2018,1189,Petrol,B,1388,1,0,0,0,0,Male,0- $25K,East,0
13135,7/24/2018,1190,Petrol,B,1076,1,0,0,0,0,Male,0- $25K,East,0
13136,7/1/2018,1191,Petrol,B,564,0,0,1,1,1,Male,0- $25K,East,1
13137,7/17/2018,1192,Petrol,B,1225,0,0,1,0,0,Male,0- $25K,East,1
13138,7/25/2018,1193,Petrol,B,2295,0,1,1,1,0,Male,0- $25K,East,0
13139,7/23/2018,1194,Petrol,B,2285,1,0,1,1,1,Male,0- $25K,East,0
13140,7/28/2018,1195,Petrol,B,508,1,0,1,1,0,Male,0- $25K,East,0
13141,7/6/2018,1196,Petrol,B,1967,1,0,0,0,1,Male,0- $25K,East,1
13142,7/10/2018,1197,Petrol,B,1553,0,0,1,1,1,Male,0- $25K,East,1
13143,7/3/2018,1198,Petrol,B,2141,0,1,0,0,0,Male,0- $25K,East,0
13144,7/29/2018,1199,Petrol,B,2102,1,0,1,1,0,Male,0- $25K,East,0
13145,8/5/2018,1200,Petrol,B,1662,0,1,1,1,0,Male,0- $25K,East,0
13146,8/27/2018,1201,Petrol,B,910,0,1,0,0,0,Male,0- $25K,East,1
13147,8/10/2018,1202,Petrol,B,2402,0,1,0,1,0,Male,0- $25K,East,0
13148,8/18/2018,1203,Petrol,B,1731,1,0,0,0,0,Male,0- $25K,East,0
13149,8/24/2018,1204,Petrol,B,557,1,0,1,1,0,Male,0- $25K,East,0
13150,8/10/2018,1205,Petrol,B,1377,1,0,0,1,0,Male,0- $25K,East,1
13151,8/30/2018,1206,Petrol,B,2301,1,0,0,0,0,Male,0- $25K,East,0
13152,8/3/2018,1207,Petrol,B,1157,0,0,1,0,0,Male,0- $25K,East,0
13153,8/6/2018,1208,Petrol,B,629,1,0,1,1,0,Male,0- $25K,East,1
13154,8/30/2018,1209,Petrol,B,2255,0,1,0,1,0,Male,0- $25K,East,0
13155,8/2/2018,1210,Petrol,B,974,0,1,1,0,0,Male,0- $25K,East,1
13156,8/17/2018,1211,Petrol,B,1399,1,0,0,1,0,Male,0- $25K,East,1
13157,8/2/2018,1212,Petrol,B,1612,0,1,1,0,0,Male,0- $25K,East,1
13158,8/3/2018,1213,Petrol,B,2410,1,0,1,1,1,Male,0- $25K,East,0
13159,8/26/2018,1214,Petrol,B,1545,0,1,0,1,1,Male,0- $25K,East,1
13160,8/14/2018,1215,Petrol,B,1566,1,1,0,0,1,Male,0- $25K,East,1
13161,8/23/2018,1216,Petrol,B,703,1,0,0,1,1,Male,0- $25K,East,1
13162,8/25/2018,1217,Petrol,B,1441,1,1,1,1,1,Male,0- $25K,East,0
13163,8/3/2018,1218,Petrol,B,1005,1,1,1,0,1,Male,0- $25K,East,0
13164,8/4/2018,1219,Petrol,B,2163,1,0,0,1,0,Male,0- $25K,East,1
13165,8/14/2018,1220,Petrol,B,1835,1,0,1,1,1,Male,0- $25K,East,0
13166,8/26/2018,1221,Petrol,B,2033,0,1,1,1,1,Male,0- $25K,East,0
13167,8/17/2018,1222,Petrol,B,1950,1,1,0,0,0,Male,0- $25K,East,1
13168,8/20/2018,1223,Petrol,B,699,0,0,1,0,1,Male,0- $25K,East,0
13169,8/30/2018,1224,Petrol,B,817,0,0,1,0,0,Male,0- $25K,East,1
13170,8/14/2018,1225,Petrol,B,2435,1,0,1,0,1,Male,0- $25K,East,1
13171,8/22/2018,1226,Petrol,B,1216,0,0,0,1,0,Male,0- $25K,East,0
13172,8/10/2018,1227,Petrol,B,705,0,1,1,1,0,Male,0- $25K,East,1
13173,8/17/2018,1228,Petrol,B,2443,0,0,1,1,1,Male,0- $25K,East,0
13174,8/26/2018,1229,Petrol,B,1398,1,0,1,0,0,Male,0- $25K,East,0
13175,8/24/2018,1230,Petrol,B,2471,0,1,1,1,1,Male,0- $25K,East,0
13176,8/22/2018,1231,Petrol,B,1854,1,0,1,1,0,Male,0- $25K,East,1
13177,8/28/2018,1232,Petrol,B,675,0,0,1,0,1,Male,0- $25K,East,0
13178,8/30/2018,1233,Petrol,B,1035,1,0,0,0,0,Male,0- $25K,East,0
13179,8/5/2018,1234,Petrol,B,926,1,1,0,1,0,Male,0- $25K,East,1
13180,8/12/2018,1235,Petrol,B,2171,0,1,1,1,1,Male,0- $25K,East,1
13181,8/30/2018,1236,Petrol,B,2064,1,1,0,1,0,Male,0- $25K,East,1
13182,8/25/2018,1237,Petrol,B,934,1,1,0,1,1,Male,0- $25K,East,1
13183,8/7/2018,1238,Petrol,B,1681,0,1,1,1,1,Male,0- $25K,East,1
13184,8/17/2018,1239,Petrol,B,1556,1,0,1,0,1,Male,0- $25K,East,0
13185,8/22/2018,1240,Petrol,B,2111,1,0,0,1,1,Male,0- $25K,East,0
13186,8/23/2018,1241,Petrol,B,2048,0,0,1,1,1,Male,0- $25K,East,1
13187,8/7/2018,1242,Petrol,B,507,0,0,0,1,0,Male,0- $25K,East,1
13188,8/13/2018,1243,Petrol,B,1799,1,0,0,0,1,Male,0- $25K,East,0
13189,8/11/2018,1244,Petrol,B,2292,1,0,1,1,0,Male,0- $25K,East,0
13190,8/23/2018,1245,Petrol,B,2143,0,0,1,0,0,Male,0- $25K,East,1
13191,8/17/2018,1246,Petrol,B,2198,0,1,1,1,1,Male,0- $25K,East,1
13192,8/8/2018,1247,Petrol,B,581,1,0,0,1,0,Male,0- $25K,East,1
13193,8/14/2018,1248,Petrol,B,2364,1,1,0,0,0,Male,0- $25K,East,1
13194,8/7/2018,1249,Petrol,B,533,1,0,1,0,0,Male,0- $25K,East,0
13195,8/23/2018,1250,Petrol,B,1911,1,1,1,0,1,Male,0- $25K,East,1
13196,8/21/2018,1251,Petrol,B,1559,0,0,1,0,1,Male,0- $25K,East,1
13197,8/16/2018,1252,Petrol,B,2477,0,0,0,1,0,Male,0- $25K,East,1
13198,8/22/2018,1253,Petrol,B,878,0,0,0,0,0,Male,0- $25K,East,0
13199,8/4/2018,1254,Petrol,B,1090,0,0,1,0,0,Male,0- $25K,East,0
13200,8/24/2018,1255,Petrol,B,909,0,0,0,1,1,Male,0- $25K,East,0
13201,8/11/2018,1256,Petrol,B,833,0,1,0,0,0,Male,0- $25K,East,1
13202,8/5/2018,1257,Petrol,B,1031,1,1,1,0,0,Male,0- $25K,East,1
13203,8/23/2018,1258,Petrol,B,1947,0,1,0,1,0,Male,0- $25K,East,0
13204,8/18/2018,1259,Petrol,B,1757,1,1,0,1,1,Male,0- $25K,East,1
13205,8/2/2018,1260,Petrol,B,993,0,0,1,1,0,Male,0- $25K,East,1
13206,8/5/2018,1261,Petrol,B,1078,0,1,1,0,1,Male,0- $25K,East,0
13207,8/20/2018,1262,Petrol,B,1349,0,1,1,0,0,Male,0- $25K,East,1
13208,8/5/2018,1263,Petrol,B,1801,1,0,1,0,1,Male,0- $25K,East,1
13209,8/3/2018,1264,Petrol,B,511,1,0,0,0,1,Male,0- $25K,East,1
13210,8/23/2018,1265,Petrol,B,1709,0,0,0,1,1,Male,0- $25K,East,0
13211,8/8/2018,1266,Petrol,B,973,0,1,1,0,1,Male,0- $25K,East,1
13212,8/19/2018,1267,Petrol,B,747,0,0,1,0,1,Male,0- $25K,East,1
13213,8/6/2018,1268,Petrol,B,1102,1,0,0,1,0,Male,0- $25K,East,1
13214,8/15/2018,1269,Petrol,B,1878,0,1,0,1,1,Male,0- $25K,East,0
13215,8/17/2018,1270,Petrol,B,975,0,1,0,0,0,Male,0- $25K,East,0
13216,8/19/2018,1271,Petrol,B,803,1,1,0,0,1,Male,0- $25K,East,1
13217,8/30/2018,1272,Petrol,B,2339,1,1,0,1,1,Male,0- $25K,East,0
13218,8/17/2018,1273,Petrol,B,1340,1,0,1,0,0,Male,0- $25K,East,1
13219,8/16/2018,1274,Petrol,B,1539,1,1,0,1,1,Male,0- $25K,East,0
13220,8/23/2018,1275,Petrol,B,1364,0,0,0,1,1,Male,0- $25K,East,1
13221,8/26/2018,1276,Petrol,B,1083,1,0,0,0,1,Male,0- $25K,East,1
13222,8/30/2018,1277,Petrol,B,2380,1,0,1,1,0,Male,0- $25K,East,1
13223,8/25/2018,1278,Petrol,B,2238,0,1,0,0,1,Male,0- $25K,East,1
13224,8/30/2018,1279,Petrol,B,2192,0,1,1,1,1,Male,0- $25K,East,0
13225,8/17/2018,1280,Petrol,B,1302,1,1,0,0,0,Male,0- $25K,East,1
13226,8/6/2018,1281,Petrol,B,773,1,0,0,1,0,Male,0- $25K,East,1
13227,8/28/2018,1282,Petrol,B,2107,0,1,0,1,0,Male,0- $25K,East,0
13228,8/25/2018,1283,Petrol,B,1212,1,0,1,0,1,Male,0- $25K,East,1
13229,8/28/2018,1284,Petrol,B,1090,0,0,1,1,0,Male,0- $25K,East,0
13230,8/11/2018,1285,Petrol,B,1689,0,1,1,1,1,Male,0- $25K,East,1
13231,8/11/2018,1286,Petrol,B,1390,0,0,1,1,0,Male,0- $25K,East,0
13232,8/17/2018,1287,Petrol,B,2403,1,1,0,0,1,Male,0- $25K,East,1
13233,8/30/2018,1288,Petrol,B,1525,1,0,1,1,0,Male,0- $25K,East,0
13234,8/7/2018,1289,Petrol,B,2268,0,1,1,1,1,Male,0- $25K,East,1
13235,8/26/2018,1290,Petrol,B,1261,0,0,0,1,1,Male,0- $25K,East,1
13236,8/2/2018,1291,Petrol,B,1538,0,1,1,1,1,Male,0- $25K,East,1
13237,8/17/2018,1292,Petrol,B,1536,1,0,0,1,1,Male,0- $25K,East,1
13238,8/14/2018,1293,Petrol,B,1704,0,1,1,0,0,Male,0- $25K,East,1
13239,8/18/2018,1294,Petrol,B,2018,0,1,1,1,1,Male,0- $25K,East,0
13240,8/21/2018,1295,Petrol,B,1967,0,1,1,0,0,Male,0- $25K,East,1
13241,8/8/2018,1296,Petrol,B,1884,1,0,0,1,1,Male,0- $25K,East,1
13242,8/3/2018,1297,Petrol,B,2253,1,0,1,0,1,Male,0- $25K,East,0
13243,8/26/2018,1298,Petrol,B,1969,1,0,1,0,1,Male,0- $25K,East,0
13244,8/3/2018,1299,Petrol,B,667,0,0,0,0,0,Male,0- $25K,East,0
13245,9/3/2018,1300,Petrol,B,1584,0,0,0,0,1,Male,0- $25K,East,1
13246,9/14/2018,1301,Petrol,B,577,1,0,1,0,1,Male,0- $25K,East,0
13247,9/29/2018,1302,Petrol,B,2441,0,0,1,0,0,Male,0- $25K,East,0
13248,9/20/2018,1303,Petrol,B,616,1,0,1,1,1,Male,0- $25K,East,0
13249,9/12/2018,1304,Petrol,B,1801,1,1,0,1,0,Male,0- $25K,East,0
13250,9/19/2018,1305,Petrol,B,1613,0,0,1,0,1,Male,0- $25K,East,1
13251,9/1/2018,1306,Petrol,B,1893,0,1,0,0,1,Male,0- $25K,East,1
13252,9/18/2018,1307,Petrol,B,1280,0,1,1,1,1,Female,0- $25K,East,0
13253,9/26/2018,1308,Petrol,B,1698,1,1,0,0,0,Female,0- $25K,East,1
13254,9/24/2018,1309,Petrol,B,578,0,1,0,0,1,Female,0- $25K,East,1
13255,9/28/2018,1310,Petrol,B,2085,0,0,1,1,0,Female,0- $25K,East,1
13256,9/11/2018,1311,Petrol,B,1258,0,0,1,1,0,Female,0- $25K,East,0
13257,9/1/2018,1312,Petrol,B,1150,1,1,1,1,0,Female,0- $25K,East,1
13258,9/15/2018,1313,Petrol,B,762,1,1,0,1,0,Female,0- $25K,East,0
13259,9/2/2018,1314,Petrol,B,1418,0,0,0,0,0,Female,0- $25K,East,1
13260,9/5/2018,1315,Petrol,B,1784,1,1,1,1,1,Female,0- $25K,East,0
13261,9/16/2018,1316,Petrol,B,1278,0,1,1,0,1,Female,0- $25K,East,1
13262,9/12/2018,1317,Petrol,B,1312,0,1,1,0,1,Female,0- $25K,East,0
13263,9/18/2018,1318,Petrol,B,1755,0,1,1,1,0,Female,0- $25K,East,1
13264,9/12/2018,1319,Petrol,B,954,1,1,0,0,0,Female,0- $25K,East,0
13265,9/1/2018,1320,Petrol,B,1451,0,1,0,1,1,Female,0- $25K,East,0
13266,9/6/2018,1321,Petrol,B,2485,1,0,1,1,1,Female,0- $25K,East,0
13267,9/8/2018,1322,Petrol,B,2380,0,1,1,0,1,Female,0- $25K,East,0
13268,9/13/2018,1323,Petrol,B,1573,1,1,0,0,1,Female,0- $25K,East,0
13269,9/4/2018,1324,Petrol,B,2220,0,0,0,1,1,Female,0- $25K,East,1
13270,9/9/2018,1325,Petrol,B,2070,0,1,1,1,0,Female,0- $25K,East,0
13271,9/16/2018,1326,Petrol,B,1995,0,0,1,1,1,Female,0- $25K,East,0
13272,9/29/2018,1327,Petrol,B,578,0,0,0,0,1,Female,0- $25K,East,1
13273,9/17/2018,1328,Petrol,B,1142,0,1,0,0,1,Female,0- $25K,East,1
13274,9/27/2018,1329,Petrol,B,2023,1,1,0,1,1,Female,0- $25K,East,1
13275,9/15/2018,1330,Petrol,B,2391,0,1,1,0,0,Female,0- $25K,East,0
13276,9/8/2018,1331,Petrol,B,1337,1,1,1,0,0,Female,0- $25K,East,1
13277,9/16/2018,1332,Petrol,B,2384,0,0,0,1,1,Female,0- $25K,East,0
13278,9/9/2018,1333,Petrol,B,1782,0,1,0,0,0,Female,0- $25K,East,0
13279,9/30/2018,1334,Petrol,B,2458,0,0,0,1,1,Female,0- $25K,East,1
13280,9/27/2018,1335,Petrol,B,1680,1,0,1,1,0,Female,0- $25K,East,1
13281,9/5/2018,1336,Petrol,B,1528,0,0,0,0,0,Female,0- $25K,East,1
13282,9/21/2018,1337,Petrol,B,2386,1,1,1,1,1,Female,0- $25K,East,0
13283,9/23/2018,1338,Petrol,B,531,0,0,0,1,0,Female,0- $25K,East,0
13284,9/19/2018,1339,Petrol,B,2490,0,0,1,0,0,Female,0- $25K,East,1
13285,9/22/2018,1340,Petrol,B,1493,1,1,0,1,0,Female,0- $25K,East,1
13286,9/18/2018,1341,Petrol,B,2195,1,1,0,0,1,Female,0- $25K,East,1
13287,9/25/2018,1342,Petrol,B,1004,1,1,0,0,0,Female,0- $25K,East,0
13288,9/21/2018,1343,Petrol,B,698,1,0,0,1,0,Female,0- $25K,East,0
13289,9/6/2018,1344,Petrol,B,710,0,1,0,0,1,Female,0- $25K,East,1
13290,9/20/2018,1345,Petrol,B,858,0,1,0,1,0,Female,0- $25K,East,1
13291,9/6/2018,1346,Petrol,B,892,1,0,0,1,1,Female,0- $25K,East,0
13292,9/24/2018,1347,Petrol,B,2157,1,1,1,1,1,Female,0- $25K,East,0
13293,9/17/2018,1348,Petrol,B,1227,1,1,0,1,0,Female,0- $25K,East,0
13294,9/4/2018,1349,Petrol,B,733,0,0,0,1,0,Female,0- $25K,East,1
13295,9/29/2018,1350,Petrol,B,1471,1,0,1,0,1,Female,0- $25K,East,1
13296,9/21/2018,1351,Petrol,B,1546,0,1,0,1,1,Female,0- $25K,East,1
13297,9/10/2018,1352,Petrol,B,1391,0,0,0,0,0,Female,0- $25K,East,0
13298,9/11/2018,1353,Petrol,B,1971,1,0,1,0,1,Female,0- $25K,East,1
13299,9/27/2018,1354,Petrol,B,1609,0,1,1,1,1,Female,0- $25K,East,0
13300,9/26/2018,1355,Petrol,B,1868,1,0,1,1,1,Female,0- $25K,East,1
13301,9/14/2018,1356,Petrol,B,2057,0,0,0,1,1,Female,0- $25K,East,1
13302,9/12/2018,1357,Petrol,B,774,1,0,0,1,0,Female,0- $25K,East,0
13303,9/11/2018,1358,Petrol,B,1696,1,0,0,0,0,Female,0- $25K,East,1
13304,9/5/2018,1359,Petrol,B,1794,0,0,0,0,1,Female,0- $25K,East,1
13305,9/16/2018,1360,Petrol,B,1393,1,1,0,1,0,Female,0- $25K,East,0
13306,9/11/2018,1361,Petrol,B,2042,0,0,1,1,0,Female,0- $25K,East,0
13307,9/29/2018,1362,Petrol,B,1497,0,0,0,0,1,Female,0- $25K,East,0
13308,9/27/2018,1363,Petrol,B,2152,0,0,0,0,1,Female,0- $25K,East,1
13309,9/1/2018,1364,Petrol,B,643,1,0,0,1,1,Female,0- $25K,East,0
13310,9/28/2018,1365,Petrol,B,965,1,1,0,1,1,Female,0- $25K,East,1
13311,9/7/2018,1366,Petrol,B,1177,1,1,1,0,1,Female,0- $25K,East,1
13312,9/13/2018,1367,Petrol,B,856,0,1,0,0,0,Female,0- $25K,East,1
13313,9/12/2018,1368,Petrol,B,2473,0,1,1,0,1,Female,0- $25K,East,0
13314,9/30/2018,1369,Petrol,B,1112,0,0,0,1,1,Female,0- $25K,East,0
13315,9/18/2018,1370,Petrol,B,1104,0,1,0,1,1,Female,0- $25K,East,1
13316,9/4/2018,1371,Petrol,B,765,0,0,1,1,1,Female,0- $25K,East,0
13317,9/25/2018,1372,Petrol,B,2173,1,1,1,1,0,Female,0- $25K,East,1
13318,9/14/2018,1373,Petrol,B,1897,1,0,1,1,0,Female,0- $25K,East,1
13319,9/20/2018,1374,Petrol,B,1402,0,1,1,0,1,Female,0- $25K,East,0
13320,9/6/2018,1375,Petrol,B,1088,0,1,0,1,1,Female,0- $25K,East,1
13321,9/7/2018,1376,Petrol,B,1890,0,1,0,0,1,Female,0- $25K,East,1
13322,9/6/2018,1377,Petrol,B,526,0,0,1,1,0,Female,0- $25K,East,1
13323,9/6/2018,1378,Petrol,B,553,1,1,1,0,1,Female,0- $25K,East,0
13324,9/14/2018,1379,Petrol,B,1612,0,0,0,1,1,Female,0- $25K,East,0
13325,9/1/2018,1380,Petrol,B,1892,1,1,0,0,0,Female,0- $25K,East,1
13326,9/7/2018,1381,Petrol,B,1680,0,0,1,0,0,Female,0- $25K,East,1
13327,9/6/2018,1382,Petrol,B,999,0,1,0,1,1,Female,0- $25K,East,1
13328,9/9/2018,1383,Petrol,B,690,0,0,0,0,0,Female,0- $25K,East,1
13329,9/5/2018,1384,Petrol,B,1015,1,0,0,1,0,Female,0- $25K,East,1
13330,9/4/2018,1385,Petrol,B,2080,1,0,0,1,1,Female,0- $25K,East,1
13331,9/16/2018,1386,Petrol,B,1009,1,1,0,1,0,Female,0- $25K,East,0
13332,9/15/2018,1387,Petrol,B,1616,1,0,0,1,1,Female,0- $25K,East,0
13333,9/19/2018,1388,Petrol,B,630,1,0,1,0,0,Female,0- $25K,East,0
13334,9/16/2018,1389,Petrol,B,840,1,0,1,0,1,Female,0- $25K,East,0
13335,9/14/2018,1390,Petrol,B,2201,1,0,1,1,0,Female,0- $25K,East,0
13336,9/10/2018,1391,Petrol,B,2354,0,1,1,1,1,Female,0- $25K,East,0
13337,9/2/2018,1392,Petrol,B,1008,0,1,0,1,0,Female,0- $25K,East,0
13338,9/12/2018,1393,Petrol,B,1715,1,1,0,1,1,Female,0- $25K,East,1
13339,9/27/2018,1394,Petrol,B,1496,1,0,0,1,1,Female,0- $25K,East,0
13340,9/3/2018,1395,Petrol,B,2314,0,1,0,0,0,Female,0- $25K,East,0
13341,9/29/2018,1396,Petrol,B,758,1,0,1,0,0,Female,0- $25K,East,1
13342,9/1/2018,1397,Petrol,B,1427,1,0,1,0,0,Female,0- $25K,East,0
13343,9/22/2018,1398,Petrol,B,1101,0,0,1,1,1,Female,0- $25K,East,1
13344,9/6/2018,1399,Petrol,B,843,1,0,0,1,1,Female,0- $25K,East,0
13345,9/24/2018,1400,Petrol,B,1977,0,0,1,1,1,Female,0- $25K,East,1
13346,9/21/2018,1401,Petrol,B,1569,1,0,1,1,0,Female,0- $25K,East,1
13347,9/15/2018,1402,Petrol,B,1533,1,1,0,0,0,Female,0- $25K,East,0
13348,9/23/2018,1403,Petrol,B,1147,1,1,1,1,1,Female,0- $25K,East,1
13349,9/4/2018,1404,Petrol,B,1413,1,0,1,1,0,Female,0- $25K,East,0
13350,9/5/2018,1405,Petrol,B,1362,0,0,1,0,0,Female,0- $25K,East,1
13351,9/24/2018,1406,Petrol,B,1900,0,0,0,0,0,Female,0- $25K,East,0
13352,9/4/2018,1407,Petrol,B,1791,0,1,0,0,0,Female,0- $25K,East,0
13353,9/14/2018,1408,Petrol,B,1593,1,0,0,1,1,Female,0- $25K,East,1
13354,9/2/2018,1409,Petrol,B,2115,0,1,1,1,1,Female,0- $25K,East,0
13355,9/6/2018,1410,Petrol,B,693,1,1,1,1,0,Female,0- $25K,East,1
13356,9/1/2018,1411,Petrol,B,1939,0,0,1,0,1,Female,0- $25K,East,0
13357,9/23/2018,1412,Petrol,B,1191,0,0,1,1,0,Female,0- $25K,East,1
13358,9/6/2018,1413,Petrol,B,2272,1,1,0,0,1,Female,0- $25K,East,1
13359,9/18/2018,1414,Petrol,B,2134,0,0,1,0,0,Female,0- $25K,East,1
13360,9/20/2018,1415,Petrol,B,1357,1,1,0,0,1,Female,0- $25K,East,1
13361,9/13/2018,1416,Petrol,C,1067,1,0,1,1,0,Female,0- $25K,East,0
13362,9/25/2018,1417,Petrol,C,1636,1,0,0,0,0,Female,0- $25K,East,0
13363,9/27/2018,1418,Petrol,C,1986,1,1,1,0,0,Female,0- $25K,East,1
13364,9/16/2018,1419,Petrol,C,969,0,0,0,0,0,Female,0- $25K,East,0
13365,9/30/2018,1420,Petrol,C,789,0,1,1,0,0,Female,0- $25K,East,1
13366,9/26/2018,1421,Petrol,C,1116,1,0,1,1,0,Female,0- $25K,East,0
13367,9/25/2018,1422,Petrol,C,1195,0,1,1,1,0,Female,0- $25K,East,0
13368,9/28/2018,1423,Petrol,C,1180,0,1,1,0,0,Female,0- $25K,East,0
13369,9/22/2018,1424,Petrol,C,696,1,0,0,0,1,Female,0- $25K,East,0
13370,9/10/2018,1425,Petrol,C,1105,1,1,1,0,1,Female,0- $25K,East,1
13371,10/16/2018,1426,Petrol,C,1007,0,1,0,0,1,Female,0- $25K,East,1
13372,10/29/2018,1427,Petrol,C,585,1,0,0,0,1,Female,0- $25K,East,0
13373,10/30/2018,1428,Petrol,C,1384,1,0,0,1,0,Female,0- $25K,East,0
13374,10/30/2018,1429,Petrol,C,519,1,0,0,1,1,Female,0- $25K,East,1
13375,10/11/2018,1430,Petrol,C,1013,1,0,0,0,1,Female,0- $25K,East,1
13376,10/5/2018,1431,Petrol,C,695,0,1,1,1,0,Female,0- $25K,East,0
13377,10/28/2018,1432,Petrol,C,1184,0,0,0,1,1,Female,0- $25K,East,0
13378,10/30/2018,1433,Petrol,C,673,1,0,0,1,0,Female,0- $25K,West,0
13379,10/16/2018,1434,Petrol,C,2097,0,0,0,0,1,Female,0- $25K,West,0
13380,10/20/2018,1435,Petrol,C,2105,0,0,0,0,1,Female,0- $25K,West,1
13381,10/1/2018,1436,Petrol,C,555,1,0,1,1,0,Female,0- $25K,West,1
13382,10/16/2018,1437,Petrol,C,558,1,1,1,0,1,Female,0- $25K,West,1
13383,10/23/2018,1438,Petrol,C,640,1,1,0,0,1,Female,0- $25K,West,0
13384,10/20/2018,1439,Petrol,C,2012,0,0,0,1,0,Female,0- $25K,West,0
13385,10/16/2018,1440,Petrol,C,914,0,1,1,0,1,Female,0- $25K,West,1
13386,10/8/2018,1441,Petrol,C,1479,1,1,1,0,0,Female,0- $25K,West,0
13387,10/30/2018,1442,Petrol,C,2122,0,0,0,1,0,Female,0- $25K,West,0
13388,10/16/2018,1443,Petrol,C,948,1,1,0,1,1,Female,0- $25K,West,0
13389,10/26/2018,1444,Petrol,C,2371,1,0,1,1,0,Female,0- $25K,West,0
13390,10/6/2018,1445,Petrol,C,542,1,0,1,1,0,Female,0- $25K,West,0
13391,10/3/2018,1446,Petrol,C,2145,1,0,1,0,0,Female,0- $25K,West,0
13392,10/6/2018,1447,Petrol,C,1675,1,1,0,0,1,Female,0- $25K,West,0
13393,10/23/2018,1448,Petrol,C,825,1,1,0,0,0,Female,0- $25K,West,0
13394,10/24/2018,1449,Petrol,C,2018,1,1,0,0,0,Female,0- $25K,West,1
13395,10/12/2018,1450,Petrol,C,1352,0,1,0,1,1,Female,0- $25K,West,0
13396,10/21/2018,1451,Diesel,C,1433,1,1,1,0,0,Female,0- $25K,West,0
13397,10/3/2018,1452,Diesel,C,1866,1,1,1,1,0,Female,0- $25K,West,1
13398,10/24/2018,1453,Diesel,C,1772,0,0,1,0,0,Female,0- $25K,West,1
13399,10/29/2018,1454,Diesel,C,1428,0,1,1,1,1,Female,0- $25K,West,1
13400,10/16/2018,1455,Diesel,C,1773,0,0,1,0,1,Female,0- $25K,West,0
13401,10/30/2018,1456,Diesel,C,1951,0,0,0,0,0,Female,0- $25K,West,1
13402,10/10/2018,1457,Diesel,C,670,0,0,1,0,0,Female,0- $25K,West,1
13403,10/29/2018,1458,Diesel,C,965,1,1,0,0,0,Female,0- $25K,West,1
13404,10/29/2018,1459,Diesel,C,1780,0,1,0,1,0,Female,0- $25K,West,1
13405,10/12/2018,1460,Diesel,C,782,0,0,0,0,1,Female,0- $25K,West,0
13406,10/10/2018,1461,Diesel,C,2200,1,1,0,0,1,Female,0- $25K,West,0
13407,10/24/2018,1462,Diesel,C,2424,1,1,1,0,0,Female,0- $25K,West,0
13408,10/2/2018,1463,Diesel,C,2104,1,0,0,1,1,Female,0- $25K,West,0
13409,10/7/2018,1464,Diesel,C,852,1,1,1,1,0,Female,0- $25K,West,0
13410,10/26/2018,1465,Diesel,C,2126,0,1,1,0,1,Female,0- $25K,West,1
13411,10/6/2018,1466,Diesel,C,2396,1,1,0,1,0,Female,0- $25K,West,1
13412,10/16/2018,1467,Diesel,C,1658,1,0,1,1,1,Female,0- $25K,West,1
13413,10/4/2018,1468,Diesel,C,2264,1,0,1,1,1,Female,0- $25K,West,1
13414,10/19/2018,1469,Diesel,C,2393,1,1,1,0,0,Female,0- $25K,West,0
13415,10/19/2018,1470,Diesel,C,586,1,1,1,1,1,Female,0- $25K,West,1
13416,10/20/2018,1471,Diesel,C,874,1,0,1,0,0,Female,0- $25K,West,0
13417,10/5/2018,1472,Diesel,C,944,1,1,1,1,0,Female,0- $25K,West,1
13418,10/1/2018,1473,Diesel,C,1279,1,1,0,0,1,Female,0- $25K,West,1
13419,10/1/2018,1474,Diesel,C,2074,0,0,1,1,0,Female,0- $25K,West,0
13420,10/27/2018,1475,Diesel,C,1706,0,1,1,1,0,Female,0- $25K,West,0
13421,10/22/2018,1476,Diesel,C,1179,0,0,1,0,0,Female,0- $25K,West,0
13422,10/4/2018,1477,Diesel,C,1571,1,1,0,1,1,Female,0- $25K,West,0
13423,10/10/2018,1478,Diesel,C,1465,1,1,1,1,1,Female,0- $25K,West,0
13424,10/6/2018,1479,Diesel,C,1557,0,1,1,1,1,Female,0- $25K,West,1
13425,10/2/2018,1480,Diesel,C,832,1,0,1,1,0,Female,0- $25K,West,1
13426,10/4/2018,1481,Diesel,C,1146,0,0,0,0,1,Female,0- $25K,West,0
13427,10/16/2018,1482,Diesel,C,1577,1,0,0,1,0,Female,0- $25K,West,1
13428,10/30/2018,1483,Diesel,C,2356,1,1,1,1,0,Female,0- $25K,West,0
13429,10/29/2018,1484,Diesel,C,1437,0,0,0,1,0,Female,0- $25K,West,1
13430,10/24/2018,1485,Diesel,C,2436,1,1,1,1,0,Female,0- $25K,West,0
13431,10/24/2018,1486,Diesel,C,1427,0,1,0,1,0,Female,0- $25K,West,1
13432,10/11/2018,1487,Diesel,C,1949,0,0,1,1,1,Female,0- $25K,West,0
13433,10/1/2018,1488,Diesel,C,1875,1,0,0,0,0,Female,0- $25K,West,1
13434,10/6/2018,1489,Diesel,C,2167,1,1,1,1,0,Female,0- $25K,West,1
13435,10/22/2018,1490,Diesel,C,1170,1,0,1,0,0,Female,0- $25K,West,1
13436,10/12/2018,1491,Diesel,C,684,1,1,0,1,0,Female,0- $25K,West,1
13437,10/26/2018,1492,Diesel,C,2148,0,1,0,1,0,Female,0- $25K,West,0
13438,10/22/2018,1493,Diesel,C,635,1,1,0,1,1,Female,0- $25K,West,1
13439,10/18/2018,1494,Diesel,C,925,1,0,1,1,0,Female,0- $25K,West,0
13440,10/27/2018,1495,Diesel,C,709,1,1,0,1,1,Female,0- $25K,West,0
13441,10/26/2018,1496,Diesel,C,2075,0,0,1,1,0,Female,0- $25K,West,1
13442,10/30/2018,1497,Diesel,C,602,1,1,1,1,0,Female,0- $25K,West,0
13443,10/21/2018,1498,Diesel,C,2130,1,0,0,0,1,Female,0- $25K,West,0
13444,10/17/2018,1499,Diesel,C,1959,1,1,1,0,0,Female,0- $25K,West,0
13445,10/23/2018,1500,Diesel,C,780,0,1,1,0,0,Female,0- $25K,West,1
13446,10/30/2018,1501,Diesel,C,2126,0,1,1,1,0,Female,0- $25K,West,1
13447,10/4/2018,1502,Diesel,C,1768,1,0,0,0,1,Female,0- $25K,West,1
13448,10/10/2018,1503,Diesel,C,1637,0,0,0,1,1,Female,0- $25K,West,0
13449,10/28/2018,1504,Diesel,C,1889,0,1,0,1,1,Female,0- $25K,West,1
13450,10/11/2018,1505,Diesel,C,2146,1,0,1,1,1,Female,0- $25K,West,1
13451,10/3/2018,1506,Diesel,C,1355,1,0,0,1,0,Female,0- $25K,West,0
13452,10/15/2018,1507,Diesel,C,1082,0,1,0,1,1,Female,0- $25K,West,0
13453,10/29/2018,1508,Diesel,C,2394,0,1,1,1,0,Female,0- $25K,West,1
13454,10/17/2018,1509,Diesel,C,926,1,1,1,1,1,Female,0- $25K,West,1
13455,10/24/2018,1510,Diesel,C,892,0,1,1,0,1,Female,0- $25K,West,1
13456,10/2/2018,1511,Diesel,C,994,0,0,1,1,0,Female,0- $25K,West,1
13457,10/2/2018,1512,Diesel,C,2260,0,1,1,0,0,Female,0- $25K,West,1
13458,10/8/2018,1513,Diesel,C,1149,1,1,0,1,1,Female,0- $25K,West,1
13459,10/3/2018,1514,Diesel,C,2283,1,0,1,0,0,Female,0- $25K,West,1
13460,10/16/2018,1515,Diesel,C,1663,0,1,1,0,1,Female,0- $25K,West,0
13461,10/24/2018,1516,Diesel,C,2197,1,1,1,0,1,Female,0- $25K,West,0
13462,10/5/2018,1517,Diesel,C,1669,0,0,1,0,1,Female,0- $25K,West,0
13463,10/25/2018,1518,Diesel,C,1547,0,0,0,1,0,Female,0- $25K,West,0
13464,10/12/2018,1519,Diesel,C,899,0,0,1,0,0,Female,0- $25K,West,1
13465,10/18/2018,1520,Diesel,C,2439,0,1,1,0,1,Female,0- $25K,West,1
13466,11/7/2018,1521,Diesel,C,1867,0,1,0,0,1,Female,0- $25K,West,1
13467,11/3/2018,1522,Diesel,C,898,1,1,1,0,0,Female,0- $25K,West,1
13468,11/10/2018,1523,Diesel,C,962,1,1,0,1,0,Female,0- $25K,West,1
13469,11/18/2018,1524,Diesel,C,1875,1,1,0,1,0,Female,0- $25K,West,1
13470,11/28/2018,1525,Diesel,C,1157,0,0,1,1,0,Female,0- $25K,West,1
13471,11/1/2018,1526,Diesel,C,2376,0,1,0,0,1,Female,0- $25K,West,0
13472,11/22/2018,1527,Diesel,C,1523,1,0,1,1,0,Female,0- $25K,West,0
13473,11/17/2018,1528,Diesel,C,1850,1,0,0,1,0,Female,0- $25K,West,1
13474,11/24/2018,1529,Diesel,C,1828,1,1,0,1,1,Female,0- $25K,West,1
13475,11/2/2018,1530,Diesel,C,1140,0,0,0,1,0,Female,0- $25K,West,1
13476,11/14/2018,1531,Diesel,C,1208,1,0,1,1,0,Female,0- $25K,West,1
13477,11/30/2018,1532,Diesel,C,1716,0,0,1,1,0,Female,0- $25K,West,0
13478,11/21/2018,1533,Diesel,C,731,0,1,0,0,1,Female,0- $25K,West,1
13479,11/16/2018,1534,Diesel,C,1128,1,1,0,0,1,Female,0- $25K,West,0
13480,11/27/2018,1535,Diesel,C,1541,1,0,0,0,1,Female,0- $25K,West,0
13481,11/2/2018,1536,Diesel,C,2498,0,1,0,1,0,Female,0- $25K,West,0
13482,11/13/2018,1537,Diesel,C,2125,0,0,1,1,1,Female,0- $25K,West,1
13483,11/27/2018,1538,Diesel,C,2130,0,0,1,1,0,Female,0- $25K,West,1
13484,11/19/2018,1539,Diesel,C,863,1,1,0,1,1,Female,0- $25K,West,1
13485,11/13/2018,1540,Diesel,C,1635,1,1,1,0,0,Female,0- $25K,West,1
13486,11/20/2018,1541,Diesel,C,1403,1,0,0,0,0,Female,0- $25K,West,0
13487,11/23/2018,1542,Diesel,C,2470,0,1,1,1,1,Female,0- $25K,West,1
13488,11/15/2018,1543,Diesel,C,822,1,1,1,0,1,Female,0- $25K,West,0
13489,11/3/2018,1544,Diesel,C,2054,0,1,1,0,1,Female,0- $25K,West,0
13490,11/24/2018,1545,Diesel,C,2322,0,1,0,0,0,Female,0- $25K,West,0
13491,11/29/2018,1546,Diesel,C,950,1,1,1,1,1,Female,0- $25K,West,0
13492,11/6/2018,1547,Diesel,C,2026,0,1,0,0,1,Female,0- $25K,West,0
13493,11/26/2018,1548,Diesel,C,2000,0,1,1,0,1,Female,0- $25K,West,0
13494,11/23/2018,1549,Diesel,C,935,0,0,1,1,0,Female,0- $25K,West,0
13495,11/21/2018,1550,Diesel,C,1506,0,1,1,1,1,Female,0- $25K,West,0
13496,11/4/2018,1551,Diesel,C,520,0,1,0,0,1,Female,0- $25K,West,0
13497,11/12/2018,1552,Diesel,C,759,1,0,0,0,1,Female,0- $25K,West,0
13498,11/18/2018,1553,Diesel,C,2338,0,1,1,1,0,Female,0- $25K,West,1
13499,11/13/2018,1554,Diesel,C,1957,1,1,1,0,0,Female,0- $25K,West,1
13500,11/4/2018,1555,Diesel,C,2201,1,1,0,1,1,Female,0- $25K,West,1
13501,11/16/2018,1556,Diesel,C,1021,1,0,1,1,1,Female,0- $25K,West,1
13502,11/6/2018,1557,Diesel,C,1738,0,0,0,1,0,Female,0- $25K,West,0
13503,11/23/2018,1558,Diesel,C,629,1,1,0,0,1,Female,0- $25K,West,1
13504,11/3/2018,1559,Diesel,C,714,1,1,1,0,0,Female,0- $25K,West,1
13505,11/22/2018,1560,Diesel,C,1461,0,0,0,1,0,Female,0- $25K,West,0
13506,11/26/2018,1561,Diesel,C,2477,1,1,1,0,1,Female,0- $25K,West,0
13507,11/6/2018,1562,Diesel,C,1275,1,0,1,0,0,Female,0- $25K,West,0
13508,11/15/2018,1563,Diesel,C,1937,1,1,1,0,0,Female,0- $25K,West,1
13509,11/22/2018,1564,Diesel,C,1961,0,0,0,1,0,Female,0- $25K,West,1
13510,11/1/2018,1565,Diesel,C,2482,1,0,1,1,0,Female,0- $25K,West,1
13511,11/3/2018,1566,Diesel,C,2128,1,0,1,0,1,Female,0- $25K,West,1
13512,11/1/2018,1567,Diesel,C,1981,0,1,0,1,0,Female,0- $25K,West,0
13513,11/10/2018,1568,Diesel,C,1564,1,0,0,1,1,Female,0- $25K,West,1
13514,11/4/2018,1569,Diesel,C,2380,1,0,1,0,1,Female,0- $25K,West,0
13515,11/13/2018,1570,Diesel,C,867,1,1,1,1,0,Female,0- $25K,West,0
13516,11/27/2018,1571,Diesel,C,698,0,1,0,0,1,Female,0- $25K,West,1
13517,11/8/2018,1572,Diesel,C,1548,0,1,1,0,0,Female,0- $25K,West,0
13518,11/10/2018,1573,Diesel,C,2083,0,1,0,0,1,Female,0- $25K,West,0
13519,11/25/2018,1574,Diesel,C,757,1,1,0,0,0,Female,0- $25K,West,0
13520,11/8/2018,1575,Diesel,C,754,1,1,1,0,1,Female,0- $25K,West,0
13521,11/3/2018,1576,Diesel,C,2449,0,1,0,0,1,Female,0- $25K,West,1
13522,11/29/2018,1577,Diesel,C,600,0,1,0,1,0,Female,0- $25K,West,1
13523,11/29/2018,1578,Diesel,C,974,0,1,0,0,0,Female,0- $25K,West,1
13524,11/29/2018,1579,Diesel,C,1370,1,1,1,0,0,Female,0- $25K,West,1
13525,11/6/2018,1580,Diesel,C,1348,1,0,1,0,0,Female,0- $25K,West,1
13526,11/11/2018,1581,Diesel,C,834,1,1,1,0,0,Female,0- $25K,West,0
13527,11/3/2018,1582,Diesel,C,2464,0,0,1,0,1,Female,0- $25K,West,0
13528,11/1/2018,1583,Diesel,C,546,1,0,1,0,0,Female,0- $25K,West,0
13529,11/24/2018,1584,Diesel,C,676,1,0,0,1,1,Female,0- $25K,West,1
13530,11/2/2018,1585,Diesel,C,1487,1,0,0,1,0,Female,0- $25K,West,1
13531,11/1/2018,1586,Diesel,C,2296,0,0,0,0,1,Female,0- $25K,West,0
13532,11/19/2018,1587,Diesel,C,2365,0,0,1,0,0,Female,0- $25K,West,1
13533,11/10/2018,1588,Diesel,C,831,0,1,0,0,1,Female,0- $25K,West,0
13534,11/12/2018,1589,Diesel,C,2295,1,0,1,1,0,Female,0- $25K,West,1
13535,11/2/2018,1590,Diesel,C,1709,1,1,1,1,0,Female,0- $25K,West,1
13536,11/18/2018,1591,Diesel,C,2464,1,0,1,1,1,Female,0- $25K,West,0
13537,11/21/2018,1592,Diesel,C,1827,1,0,1,1,1,Female,0- $25K,West,0
13538,11/6/2018,1593,Diesel,C,1284,1,1,0,0,0,Female,0- $25K,West,1
13539,11/3/2018,1594,Diesel,C,1936,1,0,1,0,0,Female,0- $25K,West,1
13540,11/20/2018,1595,Diesel,C,1331,1,0,0,1,0,Female,0- $25K,West,0
13541,11/4/2018,1596,Diesel,C,2221,0,0,0,0,1,Female,0- $25K,West,0
13542,11/2/2018,1597,Diesel,C,1034,0,1,0,0,1,Female,0- $25K,West,0
13543,11/8/2018,1598,Diesel,C,637,0,0,1,1,0,Female,0- $25K,West,1
13544,11/10/2018,1599,Diesel,C,1579,1,0,1,1,1,Female,0- $25K,West,0
